start,end,duration_minutes,cluster,n_points,avg_anomaly_score,top_variable_1,top_variable_1_zscore,top_variable_2,top_variable_2_zscore,top_variable_3,top_variable_3_zscore
2019-02-17 23:30:00,2019-02-18 19:15:00,1185.0,2,104,-0.6333743070439193,Cyclone_Inlet_Draft,2.7931638055309644,Cyclone_Outlet_Gas_draft,2.7514426176703743,Cyclone_cone_draft,2.419720671747078
2019-02-17 04:00:00,2019-02-17 16:25:00,745.0,2,83,-0.6593349502225775,Cyclone_Inlet_Draft,3.731169439583506,Cyclone_Outlet_Gas_draft,3.652426685894999,Cyclone_cone_draft,2.9732680532548814
2019-12-25 00:15:00,2019-12-25 09:25:00,550.0,0,93,-0.6864518615086401,Cyclone_Inlet_Draft,3.69803272212244,Cyclone_Outlet_Gas_draft,3.6209394719977275,Cyclone_Inlet_Gas_Temp,3.5889522729802796
2019-04-16 04:50:00,2019-04-16 13:35:00,525.0,0,69,-0.6358876433065913,Cyclone_cone_draft,2.7702104399937832,Cyclone_Inlet_Draft,2.5592739642512874,Cyclone_Outlet_Gas_draft,2.52454367636453
2019-05-14 09:00:00,2019-05-14 16:55:00,475.0,4,43,-0.6613179604701501,Cyclone_Outlet_Gas_draft,10.157436179260115,Cyclone_Inlet_Draft,8.164544645507164,Cyclone_cone_draft,7.281229955447485
2019-08-02 17:25:00,2019-08-03 01:20:00,475.0,1,82,-0.6523820125082292,Cyclone_Outlet_Gas_draft,5.025276335425878,Cyclone_Inlet_Draft,4.7024404406954945,Cyclone_cone_draft,4.473356878704411
2019-09-17 01:00:00,2019-09-17 08:35:00,455.0,1,91,-0.7472427142962818,Cyclone_cone_draft,10.050188108425482,Cyclone_Outlet_Gas_draft,8.460361289212889,Cyclone_Inlet_Draft,7.443775947607515
2017-11-26 09:00:00,2017-11-26 16:25:00,445.0,2,62,-0.6093277628491863,Cyclone_Outlet_Gas_draft,2.8098452602580064,Cyclone_Inlet_Draft,2.7459772575549333,Cyclone_cone_draft,2.5126982524157833
2018-11-20 15:55:00,2018-11-20 22:55:00,420.0,2,72,-0.6180663326637923,Cyclone_Inlet_Draft,3.011711548686698,Cyclone_Outlet_Gas_draft,2.7048201013703688,Cyclone_cone_draft,2.397079017846396
2017-09-11 23:50:00,2017-09-12 06:30:00,400.0,2,61,-0.6135309852204311,Cyclone_Material_Temp,16.997436636040153,Cyclone_Outlet_Gas_draft,1.7478437208712876,Cyclone_Inlet_Draft,1.281652379531126
2019-06-22 10:55:00,2019-06-22 17:05:00,370.0,4,37,-0.6839952030044738,Cyclone_Outlet_Gas_draft,7.492021351219706,Cyclone_Inlet_Draft,6.779883571737123,Cyclone_cone_draft,5.480673156924018
2019-08-14 11:55:00,2019-08-14 18:00:00,365.0,0,32,-0.6736472644328118,Cyclone_Inlet_Draft,3.5700780405234505,Cyclone_Outlet_Gas_draft,3.4010093888500017,Cyclone_cone_draft,2.8162401701626187
2019-04-14 08:35:00,2019-04-14 14:10:00,335.0,2,23,-0.6023438041197778,Cyclone_Inlet_Draft,2.8465339572565327,Cyclone_cone_draft,2.7257172714161313,Cyclone_Outlet_Gas_draft,2.4359452711035656
2020-02-18 19:30:00,2020-02-19 00:55:00,325.0,2,39,-0.6116527000116344,Cyclone_Inlet_Draft,3.7789990111031653,Cyclone_Outlet_Gas_draft,3.0965128809752684,Cyclone_cone_draft,1.9715078855553827
2019-11-06 06:40:00,2019-11-06 11:50:00,310.0,2,54,-0.6298592351767272,Cyclone_Inlet_Draft,2.599055605011738,Cyclone_Inlet_Gas_Temp,2.5638916293482024,Cyclone_Outlet_Gas_draft,2.1808540673844954
2019-05-14 21:25:00,2019-05-15 02:30:00,305.0,2,27,-0.6531894710534517,Cyclone_Inlet_Gas_Temp,2.8883563836450943,Cyclone_cone_draft,2.636608215849421,Cyclone_Inlet_Draft,2.0167166776685828
2018-01-31 02:20:00,2018-01-31 07:10:00,290.0,2,34,-0.6285383407613123,Cyclone_cone_draft,3.659839125933404,Cyclone_Inlet_Draft,3.0801451207710455,Cyclone_Outlet_Gas_draft,2.4929439536935476
2018-06-07 05:10:00,2018-06-07 09:55:00,285.0,4,29,-0.6575868880965503,Cyclone_cone_draft,7.111384744168804,Cyclone_Outlet_Gas_draft,6.761112495409324,Cyclone_Inlet_Draft,5.665559299415975
2020-02-18 00:50:00,2020-02-18 05:35:00,285.0,2,39,-0.6149148057195689,Cyclone_Inlet_Draft,3.479534465441101,Cyclone_Outlet_Gas_draft,2.919398605180425,Cyclone_cone_draft,2.5214528239093013
2019-06-22 03:05:00,2019-06-22 07:40:00,275.0,4,49,-0.6700386723364066,Cyclone_Outlet_Gas_draft,5.6635487435394545,Cyclone_Inlet_Draft,5.037038989485234,Cyclone_cone_draft,3.8308476656308423
2018-10-18 19:25:00,2018-10-18 23:55:00,270.0,0,37,-0.6408667637642209,Cyclone_Outlet_Gas_draft,3.5658181853836584,Cyclone_Inlet_Draft,3.142446787925332,Cyclone_cone_draft,2.8425017348342285
2017-12-09 05:05:00,2017-12-09 09:30:00,265.0,2,48,-0.652095821602413,Cyclone_Outlet_Gas_draft,3.22246585532686,Cyclone_Inlet_Draft,3.0837811478644963,Cyclone_Inlet_Gas_Temp,2.2691437072240137
2017-11-26 17:00:00,2017-11-26 21:15:00,255.0,2,16,-0.6050269978182103,Cyclone_Outlet_Gas_draft,2.658661259042765,Cyclone_Inlet_Draft,2.6372585829196478,Cyclone_cone_draft,2.359005706201255
2019-05-15 13:35:00,2019-05-15 17:45:00,250.0,2,28,-0.6402881555650379,Cyclone_Material_Temp,10.720122002788305,Cyclone_cone_draft,2.497631514650292,Cyclone_Inlet_Gas_Temp,1.666061492817844
2019-09-16 19:30:00,2019-09-16 23:15:00,225.0,1,45,-0.712562862953439,Cyclone_cone_draft,7.7189334288484295,Cyclone_Outlet_Gas_draft,6.641367074983909,Cyclone_Inlet_Draft,5.8215499924674265
2020-02-15 21:20:00,2020-02-16 00:55:00,215.0,2,24,-0.6301756307174542,Cyclone_Inlet_Draft,2.8874744335218,Cyclone_Outlet_Gas_draft,2.6717514514365788,Cyclone_cone_draft,2.3578878798195926
2020-06-27 23:20:00,2020-06-28 02:55:00,215.0,0,30,-0.6137198143917029,Cyclone_Material_Temp,9.242665926241107,Cyclone_Inlet_Draft,1.5272093601089338,Cyclone_Outlet_Gas_draft,1.2970468793006766
2018-06-24 20:25:00,2018-06-25 00:00:00,215.0,2,36,-0.6497933597423367,Cyclone_Material_Temp,12.99972144831146,Cyclone_cone_draft,2.0645109203848673,Cyclone_Outlet_Gas_draft,2.0549161940372835
2018-11-05 11:10:00,2018-11-05 14:40:00,210.0,4,29,-0.6618502141164136,Cyclone_cone_draft,8.278885036923425,Cyclone_Outlet_Gas_draft,7.34265907251301,Cyclone_Inlet_Draft,6.611257080666566
2019-02-17 19:25:00,2019-02-17 22:50:00,205.0,2,19,-0.6533869994931304,Cyclone_Inlet_Draft,3.0999553433430993,Cyclone_Outlet_Gas_draft,3.061177573361964,Cyclone_cone_draft,2.6616548845984074
2019-04-04 15:25:00,2019-04-04 18:45:00,200.0,0,15,-0.6168606849795104,Cyclone_cone_draft,2.9337972823050307,Cyclone_Inlet_Draft,1.7411865063590577,Cyclone_Inlet_Gas_Temp,1.619620707433693
2018-08-23 12:30:00,2018-08-23 15:45:00,195.0,2,24,-0.664547091432316,Cyclone_Material_Temp,13.843372391841699,Cyclone_Inlet_Draft,2.235309159590199,Cyclone_Outlet_Gas_draft,2.0041917698725116
2018-09-17 17:00:00,2018-09-17 20:15:00,195.0,4,24,-0.649980713467223,Cyclone_cone_draft,7.115357670366563,Cyclone_Inlet_Draft,6.489336239260239,Cyclone_Outlet_Gas_draft,6.252170082648666
2017-10-19 07:10:00,2017-10-19 10:15:00,185.0,4,22,-0.6594867563949777,Cyclone_cone_draft,7.53259206532912,Cyclone_Outlet_Gas_draft,5.953199140115145,Cyclone_Inlet_Draft,5.638200375681279
2019-08-03 03:00:00,2019-08-03 06:05:00,185.0,1,38,-0.6836339237227679,Cyclone_Outlet_Gas_draft,5.981572682801653,Cyclone_Inlet_Draft,5.389341538765255,Cyclone_cone_draft,5.283599669331721
2017-09-14 03:15:00,2017-09-14 06:15:00,180.0,0,15,-0.6482360774772479,Cyclone_Inlet_Gas_Temp,3.2861666727176373,Cyclone_Outlet_Gas_draft,2.0983459414367633,Cyclone_Inlet_Draft,2.0529717776603302
2017-03-25 04:15:00,2017-03-25 07:10:00,175.0,2,20,-0.6641238212543552,Cyclone_Inlet_Draft,4.514675573591675,Cyclone_Outlet_Gas_draft,4.3499752956868445,Cyclone_cone_draft,2.965806442362807
2018-05-08 03:50:00,2018-05-08 06:45:00,175.0,0,15,-0.6567632407390228,Cyclone_Inlet_Draft,3.2358042807656537,Cyclone_Outlet_Gas_draft,3.1675844967185958,Cyclone_cone_draft,2.9968804162223885
2019-05-18 15:10:00,2019-05-18 17:55:00,165.0,2,17,-0.6222647976438213,Cyclone_Inlet_Gas_Temp,3.461417219011571,Cyclone_Gas_Outlet_Temp,2.2070438282845175,Cyclone_Material_Temp,2.0977719198824847
2018-02-01 23:55:00,2018-02-02 02:35:00,160.0,1,29,-0.6558598605070155,Cyclone_Outlet_Gas_draft,3.844141935870659,Cyclone_Inlet_Draft,3.4063085311019177,Cyclone_cone_draft,0.9471476836956173
2017-04-20 00:35:00,2017-04-20 03:15:00,160.0,2,12,-0.64116587161992,Cyclone_Inlet_Gas_Temp,5.363363554651142,Cyclone_Material_Temp,3.1380160814271503,Cyclone_Gas_Outlet_Temp,2.2771927382187025
2019-10-27 06:15:00,2019-10-27 08:55:00,160.0,4,22,-0.6584652860193215,Cyclone_Inlet_Draft,6.219530342322986,Cyclone_Outlet_Gas_draft,5.497197545287042,Cyclone_cone_draft,5.154501769822722
2019-03-18 16:40:00,2019-03-18 19:20:00,160.0,2,13,-0.6465289486424152,Cyclone_Outlet_Gas_draft,3.156356899274376,Cyclone_Inlet_Draft,3.008673900852775,Cyclone_cone_draft,2.6481515178430093
2018-05-16 17:30:00,2018-05-16 20:10:00,160.0,0,10,-0.643547754293714,Cyclone_Gas_Outlet_Temp,7.287196667376085,Cyclone_Outlet_Gas_draft,1.6445521602261373,Cyclone_Inlet_Draft,1.5030656712116974
2019-05-15 03:40:00,2019-05-15 06:15:00,155.0,2,15,-0.6443699852040445,Cyclone_Inlet_Gas_Temp,2.9090866981442587,Cyclone_cone_draft,2.493019592202858,Cyclone_Gas_Outlet_Temp,2.053185650581332
2020-03-07 21:05:00,2020-03-07 23:40:00,155.0,2,16,-0.6012148364627503,Cyclone_Material_Temp,6.82860746558819,Cyclone_Outlet_Gas_draft,2.2613862133663525,Cyclone_Inlet_Draft,2.1764541926856467
2019-02-11 19:05:00,2019-02-11 21:30:00,145.0,0,19,-0.6466184865696099,Cyclone_Outlet_Gas_draft,2.4704861379123146,Cyclone_Inlet_Draft,2.3694805921966893,Cyclone_cone_draft,2.2132296493990933
2019-04-14 16:25:00,2019-04-14 18:50:00,145.0,2,10,-0.6320874576633626,Cyclone_Inlet_Draft,3.2661177955115224,Cyclone_cone_draft,2.740870203498539,Cyclone_Outlet_Gas_draft,2.7219118322928186
2018-03-11 13:00:00,2018-03-11 15:25:00,145.0,0,22,-0.6239794648637214,Cyclone_Material_Temp,9.408407141822082,Cyclone_Gas_Outlet_Temp,2.792284522769077,Cyclone_cone_draft,0.9454020458919384
2019-08-15 15:00:00,2019-08-15 17:20:00,140.0,2,17,-0.6342630567341792,Cyclone_cone_draft,3.509462694285536,Cyclone_Inlet_Draft,2.9013810580871584,Cyclone_Outlet_Gas_draft,2.497963159825958
2019-05-17 13:50:00,2019-05-17 16:10:00,140.0,2,12,-0.6222657411199967,Cyclone_Inlet_Gas_Temp,3.3121209597933743,Cyclone_Gas_Outlet_Temp,2.184084398894741,Cyclone_Inlet_Draft,1.896840349308983
2019-11-06 03:05:00,2019-11-06 05:20:00,135.0,2,16,-0.6174570738540051,Cyclone_Inlet_Gas_Temp,2.9067289817082966,Cyclone_Inlet_Draft,2.2520345868350846,Cyclone_Outlet_Gas_draft,1.8349647063981813
2017-05-30 20:35:00,2017-05-30 22:50:00,135.0,4,17,-0.6552219700855745,Cyclone_cone_draft,7.372260707121882,Cyclone_Outlet_Gas_draft,6.202212697496252,Cyclone_Inlet_Draft,5.074110840147597
2018-05-08 11:05:00,2018-05-08 13:20:00,135.0,2,19,-0.6314650609440643,Cyclone_Gas_Outlet_Temp,6.387820746499387,Cyclone_cone_draft,3.747138383812086,Cyclone_Inlet_Gas_Temp,1.7313776897834559
2018-08-21 05:45:00,2018-08-21 08:00:00,135.0,0,17,-0.6278516272548885,Cyclone_Material_Temp,10.066114008343526,Cyclone_Inlet_Draft,1.3905672973471834,Cyclone_cone_draft,1.348029919783818
2019-10-26 09:10:00,2019-10-26 11:20:00,130.0,0,21,-0.6574457210038296,Cyclone_Outlet_Gas_draft,4.300477218252281,Cyclone_Inlet_Draft,3.718336758448927,Cyclone_cone_draft,3.416014497543898
2017-01-23 15:20:00,2017-01-23 17:30:00,130.0,0,11,-0.6600219482755066,Cyclone_Inlet_Gas_Temp,3.3356025929633994,Cyclone_Outlet_Gas_draft,2.853916257036604,Cyclone_Inlet_Draft,2.3262921221654382
2018-07-10 14:00:00,2018-07-10 16:10:00,130.0,0,23,-0.664886224186698,Cyclone_Material_Temp,7.495737519405392,Cyclone_Outlet_Gas_draft,2.588663552522877,Cyclone_Inlet_Draft,2.183208061121092
2017-04-19 21:40:00,2017-04-19 23:50:00,130.0,2,13,-0.6673002573067482,Cyclone_Inlet_Gas_Temp,4.942208593031583,Cyclone_Inlet_Draft,3.2181756756723536,Cyclone_Outlet_Gas_draft,3.156097189383187
2018-06-12 03:20:00,2018-06-12 05:30:00,130.0,2,13,-0.6348425612647487,Cyclone_Inlet_Gas_Temp,3.078720805117669,Cyclone_Outlet_Gas_draft,2.2402729797121146,Cyclone_cone_draft,2.2345048027799113
2018-05-31 04:15:00,2018-05-31 06:25:00,130.0,2,10,-0.6121822650047151,Cyclone_cone_draft,2.830560027773968,Cyclone_Inlet_Draft,2.6721655229555332,Cyclone_Outlet_Gas_draft,2.6288580019075485
2019-07-19 00:35:00,2019-07-19 02:45:00,130.0,2,9,-0.665360892206043,Cyclone_cone_draft,3.8177396951304123,Cyclone_Inlet_Gas_Temp,3.199580792995222,Cyclone_Inlet_Draft,2.5357376268837672
2018-05-06 15:55:00,2018-05-06 18:00:00,125.0,0,22,-0.6426855265311033,Cyclone_Material_Temp,9.61700257565225,Cyclone_Gas_Outlet_Temp,3.182019831594032,Cyclone_cone_draft,1.5484559930462798
2018-05-30 10:10:00,2018-05-30 12:15:00,125.0,2,11,-0.6197205618677196,Cyclone_Inlet_Draft,2.7796519196750045,Cyclone_Outlet_Gas_draft,2.7259734034920617,Cyclone_cone_draft,2.6739374838971264
2018-02-20 00:10:00,2018-02-20 02:15:00,125.0,0,16,-0.667176325347976,Cyclone_Outlet_Gas_draft,4.241579694096992,Cyclone_Inlet_Draft,4.016145646546618,Cyclone_cone_draft,3.2297275077606002
2018-04-28 13:10:00,2018-04-28 15:05:00,115.0,0,18,-0.6685053809054812,Cyclone_Gas_Outlet_Temp,5.161767117574784,Cyclone_Inlet_Draft,3.9342675741034543,Cyclone_Outlet_Gas_draft,3.6526489992242377
2019-04-16 18:40:00,2019-04-16 20:30:00,110.0,2,8,-0.6302436541418617,Cyclone_Inlet_Gas_Temp,2.803195559473372,Cyclone_cone_draft,2.4410438518686703,Cyclone_Inlet_Draft,2.285392667682133
2019-06-22 20:25:00,2019-06-22 22:15:00,110.0,2,9,-0.6200311373873476,Cyclone_cone_draft,2.3126382085546804,Cyclone_Outlet_Gas_draft,2.0953213204806596,Cyclone_Gas_Outlet_Temp,2.042545369802382
2017-10-19 22:50:00,2017-10-20 00:40:00,110.0,2,7,-0.6272656696819394,Cyclone_Material_Temp,17.469968922719115,Cyclone_Inlet_Gas_Temp,2.011132230914451,Cyclone_Outlet_Gas_draft,1.1724026847727886
2020-02-18 15:40:00,2020-02-18 17:30:00,110.0,2,11,-0.6276557891097799,Cyclone_Inlet_Draft,3.4881635379223312,Cyclone_Outlet_Gas_draft,2.764255929271101,Cyclone_cone_draft,1.9784724168040986
2019-01-03 10:10:00,2019-01-03 12:00:00,110.0,0,14,-0.6468255510226785,Cyclone_Inlet_Draft,3.1526806743778577,Cyclone_Outlet_Gas_draft,2.7858481674997972,Cyclone_cone_draft,2.658081458281965
2020-07-30 12:05:00,2020-07-30 13:50:00,105.0,4,11,-0.6491911852645859,Cyclone_Outlet_Gas_draft,7.3876767344022385,Cyclone_Inlet_Draft,6.567194598692586,Cyclone_cone_draft,4.590087933562946
2018-02-26 20:10:00,2018-02-26 21:55:00,105.0,4,7,-0.6509078447442277,Cyclone_cone_draft,8.285137390495855,Cyclone_Outlet_Gas_draft,8.12892892922728,Cyclone_Inlet_Draft,6.97388498864432
2017-12-08 22:35:00,2017-12-09 00:20:00,105.0,2,8,-0.627045577534754,Cyclone_Inlet_Gas_Temp,3.5561415281513487,Cyclone_Outlet_Gas_draft,2.7200088670900993,Cyclone_Inlet_Draft,2.2250800187053583
2018-09-25 13:40:00,2018-09-25 15:25:00,105.0,2,21,-0.6712964771811978,Cyclone_Outlet_Gas_draft,3.518896167382139,Cyclone_Inlet_Draft,3.3694435007796826,Cyclone_Inlet_Gas_Temp,3.0637366009755973
2019-08-17 13:20:00,2019-08-17 15:05:00,105.0,0,16,-0.6667968752450109,Cyclone_cone_draft,3.2119308461855285,Cyclone_Outlet_Gas_draft,3.116708676682063,Cyclone_Inlet_Draft,3.074806103899581
2019-11-24 07:30:00,2019-11-24 09:10:00,100.0,2,9,-0.6165139390797856,Cyclone_cone_draft,3.2309510180168495,Cyclone_Inlet_Draft,1.9983669226168181,Cyclone_Outlet_Gas_draft,1.71278439075127
2019-05-18 07:35:00,2019-05-18 09:15:00,100.0,2,7,-0.6158160042478785,Cyclone_Inlet_Gas_Temp,3.031896666854899,Cyclone_Gas_Outlet_Temp,2.0745663828497887,Cyclone_Material_Temp,1.9874090278188867
2018-06-22 14:15:00,2018-06-22 15:55:00,100.0,0,19,-0.6417134377493328,Cyclone_Material_Temp,8.964368745273942,Cyclone_Outlet_Gas_draft,1.7792889924190662,Cyclone_cone_draft,1.6199327822590412
2018-11-30 08:10:00,2018-11-30 09:45:00,95.0,4,16,-0.6484956122696135,Cyclone_cone_draft,6.552193774663635,Cyclone_Outlet_Gas_draft,6.510943152634666,Cyclone_Inlet_Draft,5.702499642358415
2018-05-31 07:10:00,2018-05-31 08:45:00,95.0,2,10,-0.6325759785549574,Cyclone_Inlet_Gas_Temp,3.4119136912229866,Cyclone_Inlet_Draft,2.641589588252133,Cyclone_cone_draft,2.6391429016199526
2018-07-13 22:30:00,2018-07-14 00:05:00,95.0,4,17,-0.6964416639920863,Cyclone_cone_draft,8.86682970998887,Cyclone_Outlet_Gas_draft,8.768239767780704,Cyclone_Inlet_Draft,7.435660232920055
2018-02-02 08:40:00,2018-02-02 10:15:00,95.0,4,10,-0.670384499290023,Cyclone_cone_draft,5.896615629817302,Cyclone_Outlet_Gas_draft,5.742880548873053,Cyclone_Inlet_Draft,4.767177659633112
2017-12-25 08:45:00,2017-12-25 10:20:00,95.0,0,10,-0.6759716343789279,Cyclone_Inlet_Draft,3.7177513000970728,Cyclone_Inlet_Gas_Temp,3.7057719125735717,Cyclone_Outlet_Gas_draft,3.391096049265364
2020-07-21 05:00:00,2020-07-21 06:35:00,95.0,2,6,-0.6093626268460944,Cyclone_Inlet_Draft,2.920318622640473,Cyclone_Outlet_Gas_draft,2.6579651847125794,Cyclone_cone_draft,2.533669009859432
2019-02-17 17:20:00,2019-02-17 18:50:00,90.0,2,7,-0.6694117037754885,Cyclone_Inlet_Gas_Temp,3.95487853892673,Cyclone_Outlet_Gas_draft,2.982148900833326,Cyclone_Inlet_Draft,2.922282974234273
2017-06-16 22:20:00,2017-06-16 23:50:00,90.0,0,8,-0.6623082936041886,Cyclone_Inlet_Draft,3.7988372818289045,Cyclone_Outlet_Gas_draft,3.6686695576352344,Cyclone_cone_draft,2.568458424277564
2018-03-19 11:35:00,2018-03-19 13:05:00,90.0,2,9,-0.6304117758326213,Cyclone_Gas_Outlet_Temp,7.763454570360626,Cyclone_Inlet_Gas_Temp,2.830597376421685,Cyclone_Material_Temp,1.040945557267132
2019-07-19 17:15:00,2019-07-19 18:45:00,90.0,0,14,-0.6545803257479489,Cyclone_Inlet_Draft,3.6133724396521774,Cyclone_Outlet_Gas_draft,3.523239321206948,Cyclone_cone_draft,3.331819299748757
2017-12-09 02:40:00,2017-12-09 04:05:00,85.0,2,18,-0.6481400205076225,Cyclone_Outlet_Gas_draft,3.270641056393007,Cyclone_Inlet_Draft,3.1311684540736873,Cyclone_Inlet_Gas_Temp,2.227743197036684
2017-09-09 13:25:00,2017-09-09 14:50:00,85.0,0,12,-0.6574219366184325,Cyclone_Outlet_Gas_draft,4.087269470043466,Cyclone_Inlet_Draft,3.703470708142036,Cyclone_cone_draft,2.945619861817483
2018-12-07 06:15:00,2018-12-07 07:40:00,85.0,0,18,-0.6665186017927449,Cyclone_Outlet_Gas_draft,3.388982964391369,Cyclone_Inlet_Draft,3.305684283520978,Cyclone_cone_draft,2.7578525053788714
2017-01-26 14:00:00,2017-01-26 15:25:00,85.0,2,6,-0.6455002285099091,Cyclone_Outlet_Gas_draft,3.1154880063971215,Cyclone_Inlet_Gas_Temp,3.0438786910326447,Cyclone_Inlet_Draft,2.4394351164937285
2019-01-18 12:45:00,2019-01-18 14:10:00,85.0,2,6,-0.6239304889547569,Cyclone_Inlet_Gas_Temp,3.219515516499955,Cyclone_Inlet_Draft,2.5192453164249975,Cyclone_Outlet_Gas_draft,2.1496308560600528
2019-10-27 17:20:00,2019-10-27 18:45:00,85.0,2,8,-0.671397216534277,Cyclone_Outlet_Gas_draft,4.002476968527413,Cyclone_Inlet_Draft,3.9592329819923173,Cyclone_cone_draft,3.6688397221313678
2017-05-31 22:10:00,2017-05-31 23:35:00,85.0,4,5,-0.6504056171776071,Cyclone_cone_draft,9.209136063103607,Cyclone_Outlet_Gas_draft,7.051595723934974,Cyclone_Inlet_Draft,6.685167768860432
2019-11-24 01:15:00,2019-11-24 02:40:00,85.0,2,5,-0.5980355703593379,Cyclone_cone_draft,4.044752739080424,Cyclone_Inlet_Draft,2.402226307066314,Cyclone_Outlet_Gas_draft,2.1234906620119487
2017-07-20 13:35:00,2017-07-20 15:00:00,85.0,0,9,-0.6523474980328434,Cyclone_Outlet_Gas_draft,3.1762070569405343,Cyclone_Inlet_Draft,3.067636152351953,Cyclone_cone_draft,2.2440719006253853
2019-02-25 16:55:00,2019-02-25 18:15:00,80.0,0,7,-0.6785169781431224,Cyclone_Inlet_Draft,2.9382996014194167,Cyclone_Outlet_Gas_draft,2.6956269901119247,Cyclone_cone_draft,2.39865952958398
2019-11-24 17:10:00,2019-11-24 18:30:00,80.0,2,6,-0.5983339338399444,Cyclone_cone_draft,3.522242482804801,Cyclone_Inlet_Draft,1.9197925225155668,Cyclone_Inlet_Gas_Temp,1.828441920251326
2018-03-13 23:15:00,2018-03-14 00:35:00,80.0,0,10,-0.629244815996056,Cyclone_Material_Temp,8.79128456444571,Cyclone_Gas_Outlet_Temp,3.5113536921117228,Cyclone_Inlet_Gas_Temp,1.1800137316383783
2020-07-21 16:35:00,2020-07-21 17:55:00,80.0,2,15,-0.6144795520314779,Cyclone_Inlet_Draft,2.628620430763304,Cyclone_Outlet_Gas_draft,2.4913431885218102,Cyclone_cone_draft,2.0464974603733683
2019-05-20 22:55:00,2019-05-21 00:15:00,80.0,2,9,-0.6217755917032204,Cyclone_Inlet_Gas_Temp,2.3874936462984016,Cyclone_Inlet_Draft,2.263142653469875,Cyclone_cone_draft,1.9677669104667292
2018-06-07 10:30:00,2018-06-07 11:50:00,80.0,2,4,-0.6458524235039809,Cyclone_Inlet_Gas_Temp,4.671705061731251,Cyclone_Material_Temp,2.57263295218171,Cyclone_Inlet_Draft,2.476340593235595
2018-03-13 02:50:00,2018-03-13 04:05:00,75.0,2,15,-0.6708847179275873,Cyclone_Inlet_Draft,5.014311691776255,Cyclone_Outlet_Gas_draft,4.869182981655603,Cyclone_cone_draft,4.080706666790783
2019-04-13 15:25:00,2019-04-13 16:40:00,75.0,2,7,-0.6737065688447358,Cyclone_Inlet_Gas_Temp,5.877184343868533,Cyclone_cone_draft,3.3009640525870694,Cyclone_Gas_Outlet_Temp,3.223571493060138
2020-06-28 03:30:00,2020-06-28 04:40:00,70.0,2,12,-0.5995989348989545,Cyclone_Material_Temp,17.46310815260837,Cyclone_Inlet_Draft,1.5044964610219356,Cyclone_Outlet_Gas_draft,1.2607436776032337
2018-02-17 12:30:00,2018-02-17 13:40:00,70.0,0,5,-0.6490386329411111,Cyclone_Inlet_Draft,2.9046185268245,Cyclone_Outlet_Gas_draft,2.719399194944363,Cyclone_cone_draft,2.089234151602562
2020-02-18 06:15:00,2020-02-18 07:25:00,70.0,2,6,-0.6235956244975843,Cyclone_Inlet_Draft,3.0229124776196867,Cyclone_Outlet_Gas_draft,2.5435826526351644,Cyclone_cone_draft,2.1617731769737216
2017-05-31 18:40:00,2017-05-31 19:50:00,70.0,4,6,-0.6469692013159287,Cyclone_cone_draft,7.0020071287502805,Cyclone_Outlet_Gas_draft,5.707532851364227,Cyclone_Inlet_Draft,4.802222023326953
2019-05-21 08:55:00,2019-05-21 10:05:00,70.0,2,5,-0.605511828300978,Cyclone_Inlet_Gas_Temp,2.440092549218904,Cyclone_Gas_Outlet_Temp,2.0368652199128636,Cyclone_Material_Temp,1.944877399294656
2019-05-21 05:30:00,2019-05-21 06:40:00,70.0,2,5,-0.6154228301024032,Cyclone_Inlet_Gas_Temp,3.001348284312966,Cyclone_Gas_Outlet_Temp,2.025048437499805,Cyclone_Material_Temp,2.0063394200289837
2019-08-17 15:40:00,2019-08-17 16:50:00,70.0,2,7,-0.6352423738624068,Cyclone_cone_draft,3.508724008576616,Cyclone_Inlet_Draft,3.163620236622959,Cyclone_Outlet_Gas_draft,3.1545119471902088
2019-07-08 19:55:00,2019-07-08 21:05:00,70.0,2,8,-0.6131860056301128,Cyclone_cone_draft,3.209027255542653,Cyclone_Inlet_Draft,2.576440379466957,Cyclone_Outlet_Gas_draft,2.414690377508679
2019-07-01 03:35:00,2019-07-01 04:45:00,70.0,0,6,-0.6247284371619939,Cyclone_Outlet_Gas_draft,2.7864456170921468,Cyclone_cone_draft,2.5298907287193297,Cyclone_Inlet_Draft,2.371093774652262
2018-05-18 06:55:00,2018-05-18 08:05:00,70.0,2,6,-0.6167891342535367,Cyclone_Gas_Outlet_Temp,5.530336818644537,Cyclone_Inlet_Gas_Temp,2.0248479884941295,Cyclone_Inlet_Draft,1.8451727705258443
2019-05-21 03:05:00,2019-05-21 04:15:00,70.0,2,7,-0.6432622065994076,Cyclone_Inlet_Draft,2.7532255574879723,Cyclone_Inlet_Gas_Temp,2.6880973332530336,Cyclone_cone_draft,2.4274248270057286
2019-07-19 19:25:00,2019-07-19 20:30:00,65.0,2,12,-0.6651184943749558,Cyclone_cone_draft,4.180346387276957,Cyclone_Inlet_Draft,3.8980608904064855,Cyclone_Outlet_Gas_draft,3.824854094195656
2018-03-20 00:40:00,2018-03-20 01:45:00,65.0,0,10,-0.6472729315475819,Cyclone_Inlet_Draft,3.8664232827415055,Cyclone_Outlet_Gas_draft,3.7799300796412765,Cyclone_cone_draft,3.6949986689834295
2018-05-07 20:10:00,2018-05-07 21:15:00,65.0,2,13,-0.6688168527123034,Cyclone_Gas_Outlet_Temp,6.006352999813005,Cyclone_cone_draft,3.2590009210159394,Cyclone_Inlet_Draft,3.1269580926947764
2018-06-18 10:05:00,2018-06-18 11:10:00,65.0,2,5,-0.6001911788514736,Cyclone_Outlet_Gas_draft,3.2127920822580416,Cyclone_cone_draft,2.9849074865816037,Cyclone_Inlet_Draft,2.6311549438692294
2018-05-17 16:40:00,2018-05-17 17:45:00,65.0,2,6,-0.6382538191673531,Cyclone_Gas_Outlet_Temp,6.1435882954276435,Cyclone_Inlet_Draft,2.496259528242157,Cyclone_cone_draft,2.3086962748388458
2019-05-04 10:25:00,2019-05-04 11:30:00,65.0,0,6,-0.6399000594462118,Cyclone_cone_draft,2.733910643526098,Cyclone_Inlet_Draft,2.7260996478110213,Cyclone_Outlet_Gas_draft,2.65547837750603
2018-10-23 16:40:00,2018-10-23 17:45:00,65.0,2,7,-0.678003166269351,Cyclone_Outlet_Gas_draft,4.6482957842002,Cyclone_Inlet_Draft,4.527288435545099,Cyclone_cone_draft,3.8314692015549987
2019-02-02 09:55:00,2019-02-02 11:00:00,65.0,2,4,-0.6211270275465971,Cyclone_Inlet_Gas_Temp,4.998268195762307,Cyclone_Material_Temp,2.302459427534327,Cyclone_Inlet_Draft,2.1437868589780686
2018-10-19 14:55:00,2018-10-19 16:00:00,65.0,2,4,-0.6078540630074197,Cyclone_Outlet_Gas_draft,2.478378325825487,Cyclone_Inlet_Draft,2.415370723440129,Cyclone_cone_draft,2.1443301009991087
2018-07-29 22:40:00,2018-07-29 23:45:00,65.0,0,6,-0.6395759847239061,Cyclone_Outlet_Gas_draft,3.5699598793286893,Cyclone_Inlet_Draft,3.4932222823731554,Cyclone_cone_draft,2.9645016185118025
2017-06-09 02:15:00,2017-06-09 03:20:00,65.0,4,7,-0.6715749180041503,Cyclone_cone_draft,8.402642698205215,Cyclone_Outlet_Gas_draft,6.66504964153581,Cyclone_Inlet_Draft,5.640921689010663
2018-04-17 20:30:00,2018-04-17 21:35:00,65.0,0,13,-0.6186961152479841,Cyclone_Material_Temp,10.066114008343526,Cyclone_Outlet_Gas_draft,1.4941529981720278,Cyclone_Inlet_Draft,0.8817764074381972
2017-06-12 15:40:00,2017-06-12 16:45:00,65.0,0,5,-0.6486560722871912,Cyclone_Inlet_Draft,3.02542957966598,Cyclone_Outlet_Gas_draft,2.9782520920086895,Cyclone_Inlet_Gas_Temp,2.145304805555183
2020-02-17 17:45:00,2020-02-17 18:45:00,60.0,2,7,-0.6255591698246032,Cyclone_Inlet_Draft,4.044026593270232,Cyclone_Outlet_Gas_draft,3.371825602770993,Cyclone_cone_draft,2.313113054572902
2019-07-09 00:55:00,2019-07-09 01:55:00,60.0,2,6,-0.6321469137924357,Cyclone_cone_draft,3.4676546604255307,Cyclone_Inlet_Draft,3.4187952472381458,Cyclone_Outlet_Gas_draft,3.0829022850494856
2019-11-25 08:40:00,2019-11-25 09:40:00,60.0,2,7,-0.6050252875322564,Cyclone_cone_draft,3.3429271841582002,Cyclone_Inlet_Draft,2.320990924993416,Cyclone_Outlet_Gas_draft,1.9459536549656453
2017-07-31 16:00:00,2017-07-31 17:00:00,60.0,4,8,-0.6603744571071307,Cyclone_cone_draft,7.080028842017409,Cyclone_Outlet_Gas_draft,6.99991867721937,Cyclone_Inlet_Draft,6.292966959941297
2017-04-17 19:05:00,2017-04-17 20:05:00,60.0,2,5,-0.6804280858067764,Cyclone_Inlet_Gas_Temp,5.382538646076447,Cyclone_Material_Temp,2.8551755120120452,Cyclone_Inlet_Draft,2.8137072061038397
2018-09-06 14:45:00,2018-09-06 15:45:00,60.0,0,4,-0.6340199771350523,Cyclone_Material_Temp,10.066114008343526,Cyclone_cone_draft,1.5611271785323115,Cyclone_Inlet_Gas_Temp,1.4880504162172055
2019-02-04 18:00:00,2019-02-04 19:00:00,60.0,0,8,-0.6554581529935746,Cyclone_Outlet_Gas_draft,2.804582928927266,Cyclone_cone_draft,2.539408720425218,Cyclone_Inlet_Draft,2.520041267109333
2018-08-12 16:40:00,2018-08-12 17:40:00,60.0,0,7,-0.6470334217038233,Cyclone_Outlet_Gas_draft,3.28238537923004,Cyclone_Inlet_Draft,3.2075120469107747,Cyclone_cone_draft,2.554648838097146
2019-02-18 19:50:00,2019-02-18 20:50:00,60.0,2,4,-0.6108264613966153,Cyclone_Inlet_Gas_Temp,2.403057114198104,Cyclone_Outlet_Gas_draft,2.1508841530349625,Cyclone_Inlet_Draft,2.133069104088651
2018-07-15 05:45:00,2018-07-15 06:45:00,60.0,0,8,-0.6730202790253299,Cyclone_Inlet_Draft,3.977660369593837,Cyclone_Outlet_Gas_draft,3.860696145559485,Cyclone_cone_draft,3.1321350441929354
2018-06-15 13:10:00,2018-06-15 14:10:00,60.0,2,6,-0.6353830811679635,Cyclone_cone_draft,3.8389279719081864,Cyclone_Inlet_Draft,3.646092628265438,Cyclone_Outlet_Gas_draft,3.3306019978994934
2017-10-23 18:25:00,2017-10-23 19:25:00,60.0,2,5,-0.6320319967298967,Cyclone_Outlet_Gas_draft,2.9757735289329728,Cyclone_Inlet_Draft,2.778601503296235,Cyclone_Inlet_Gas_Temp,2.2331310139196967
2019-07-31 15:45:00,2019-07-31 16:45:00,60.0,2,6,-0.6559075540097733,Cyclone_Inlet_Draft,3.9529978101226875,Cyclone_Outlet_Gas_draft,3.6400823116090617,Cyclone_cone_draft,3.587049228953258
2019-04-14 06:55:00,2019-04-14 07:55:00,60.0,2,6,-0.6063075127770269,Cyclone_Inlet_Draft,2.7604285050686417,Cyclone_cone_draft,2.707335449578437,Cyclone_Outlet_Gas_draft,2.4174271688620523
2019-05-03 08:45:00,2019-05-03 09:45:00,60.0,2,5,-0.606445193853409,Cyclone_Inlet_Gas_Temp,3.761798429065608,Cyclone_Gas_Outlet_Temp,2.49691500690462,Cyclone_Material_Temp,2.319780006587175
2019-05-04 15:20:00,2019-05-04 16:20:00,60.0,2,3,-0.619335012998601,Cyclone_Inlet_Gas_Temp,3.072735720322476,Cyclone_Gas_Outlet_Temp,2.343988618495652,Cyclone_Material_Temp,1.9629413648941045
2019-04-08 13:45:00,2019-04-08 14:45:00,60.0,2,4,-0.6094036348384652,Cyclone_Inlet_Gas_Temp,4.507462717455494,Cyclone_Gas_Outlet_Temp,3.6397757532949706,Cyclone_Material_Temp,2.059401500269729
2019-05-14 19:50:00,2019-05-14 20:50:00,60.0,2,6,-0.6419591709915737,Cyclone_Inlet_Gas_Temp,2.60252795801577,Cyclone_cone_draft,2.4684420377906435,Cyclone_Gas_Outlet_Temp,2.296799137951248
2017-03-26 01:50:00,2017-03-26 02:45:00,55.0,2,4,-0.6592750360717645,Cyclone_Inlet_Gas_Temp,3.621019276829242,Cyclone_Inlet_Draft,3.260758918066814,Cyclone_Outlet_Gas_draft,3.1986660015482298
2017-04-07 01:40:00,2017-04-07 02:35:00,55.0,2,3,-0.638680657700645,Cyclone_Inlet_Gas_Temp,4.217577676727399,Cyclone_Outlet_Gas_draft,2.3621797920089174,Cyclone_Inlet_Draft,2.2180696633059895
2017-06-01 00:20:00,2017-06-01 01:15:00,55.0,0,7,-0.6531659708668798,Cyclone_Inlet_Gas_Temp,3.9186688545978163,Cyclone_Outlet_Gas_draft,2.728417539317304,Cyclone_Inlet_Draft,2.673072208575134
2019-08-15 13:25:00,2019-08-15 14:20:00,55.0,2,5,-0.6384073703881548,Cyclone_cone_draft,3.2456746102230634,Cyclone_Inlet_Draft,2.5094038559604983,Cyclone_Outlet_Gas_draft,2.1760984419709897
2018-04-17 03:05:00,2018-04-17 04:00:00,55.0,2,4,-0.630884926342189,Cyclone_cone_draft,3.2338999061963922,Cyclone_Outlet_Gas_draft,3.080965702489032,Cyclone_Inlet_Draft,2.9903210657389705
2018-04-04 03:55:00,2018-04-04 04:50:00,55.0,0,8,-0.640782738353227,Cyclone_Inlet_Draft,3.334043618228042,Cyclone_Outlet_Gas_draft,3.2592263463476447,Cyclone_cone_draft,2.92746517393403
2019-06-03 01:10:00,2019-06-03 02:05:00,55.0,2,8,-0.6510904270930805,Cyclone_cone_draft,4.33179240165727,Cyclone_Inlet_Draft,4.283495622844821,Cyclone_Outlet_Gas_draft,4.274877229400507
2018-01-16 18:45:00,2018-01-16 19:40:00,55.0,4,6,-0.6525299369499247,Cyclone_cone_draft,7.676020272593583,Cyclone_Outlet_Gas_draft,7.460438500908027,Cyclone_Inlet_Draft,6.073123999079152
2018-02-01 17:15:00,2018-02-01 18:10:00,55.0,0,9,-0.697423242579322,Cyclone_Inlet_Draft,4.752723043895173,Cyclone_cone_draft,4.554153115983165,Cyclone_Outlet_Gas_draft,4.543050138003669
2020-03-08 07:00:00,2020-03-08 07:55:00,55.0,2,7,-0.6020439202168959,Cyclone_Material_Temp,5.685575212120095,Cyclone_Outlet_Gas_draft,2.374478909198453,Cyclone_Inlet_Draft,2.3461146636996473
2018-06-10 14:15:00,2018-06-10 15:10:00,55.0,2,4,-0.6501637965661845,Cyclone_Inlet_Gas_Temp,3.377790928317417,Cyclone_Gas_Outlet_Temp,2.376142408156049,Cyclone_Outlet_Gas_draft,2.2585471120558434
2018-06-25 12:00:00,2018-06-25 12:55:00,55.0,0,4,-0.6439575372810471,Cyclone_Outlet_Gas_draft,2.6199040443235435,Cyclone_cone_draft,2.5757847526787563,Cyclone_Inlet_Draft,2.3645755173180687
2018-08-05 00:05:00,2018-08-05 01:00:00,55.0,2,4,-0.603459846881568,Cyclone_Inlet_Gas_Temp,4.017365180287798,Cyclone_Material_Temp,2.0482998245296717,Cyclone_cone_draft,1.8057010347203974
2018-10-19 00:30:00,2018-10-19 01:25:00,55.0,2,6,-0.6159881681626024,Cyclone_Outlet_Gas_draft,3.1842402975921336,Cyclone_Inlet_Draft,2.890457116274229,Cyclone_cone_draft,2.5499327411132806
2020-05-02 00:35:00,2020-05-02 01:30:00,55.0,0,7,-0.6719050669329244,Cyclone_Outlet_Gas_draft,3.466374697901417,Cyclone_Inlet_Draft,3.2868687125864984,Cyclone_cone_draft,2.7936939551866926
2020-05-02 06:45:00,2020-05-02 07:40:00,55.0,2,5,-0.6150852869441654,Cyclone_Inlet_Draft,2.3403464392141986,Cyclone_Inlet_Gas_Temp,2.2653322223047936,Cyclone_Outlet_Gas_draft,2.0125662064857113
2020-02-20 17:40:00,2020-02-20 18:35:00,55.0,2,6,-0.6275344937281464,Cyclone_Inlet_Draft,3.4661826421028086,Cyclone_Outlet_Gas_draft,2.8418673326635226,Cyclone_Inlet_Gas_Temp,2.2757288436050103
2018-04-25 17:15:00,2018-04-25 18:10:00,55.0,3,4,-0.6452080645934358,Cyclone_Outlet_Gas_draft,2.5036501258211605,Cyclone_Inlet_Draft,2.3815551861320037,Cyclone_cone_draft,2.348918996728055
2019-08-31 04:40:00,2019-08-31 05:35:00,55.0,3,9,-0.6502118179372923,Cyclone_Inlet_Draft,3.0387340103524676,Cyclone_Outlet_Gas_draft,2.844952406378148,Cyclone_cone_draft,2.5521774222922673
2019-02-25 15:30:00,2019-02-25 16:20:00,50.0,0,5,-0.670782071043268,Cyclone_Inlet_Draft,4.017402660066776,Cyclone_Outlet_Gas_draft,3.8104905696314213,Cyclone_cone_draft,3.2058003341666317
2019-02-19 00:05:00,2019-02-19 00:55:00,50.0,2,4,-0.6149194850396505,Cyclone_Inlet_Gas_Temp,3.3342019810373356,Cyclone_Inlet_Draft,2.153897948496389,Cyclone_Outlet_Gas_draft,1.9341916638221113
2019-04-21 08:40:00,2019-04-21 09:30:00,50.0,2,5,-0.6627727066252204,Cyclone_Inlet_Gas_Temp,3.4036206664504447,Cyclone_cone_draft,2.9558742741075528,Cyclone_Inlet_Draft,2.657187540360255
2017-06-14 06:15:00,2017-06-14 07:05:00,50.0,2,5,-0.6740920602518587,Cyclone_Inlet_Gas_Temp,4.170624323462367,Cyclone_Outlet_Gas_draft,3.9074898465739465,Cyclone_Inlet_Draft,3.5846575596966574
2019-11-25 15:40:00,2019-11-25 16:30:00,50.0,2,4,-0.5928453817316264,Cyclone_cone_draft,3.5426542616600876,Cyclone_Inlet_Draft,2.1263957850065602,Cyclone_Outlet_Gas_draft,1.7977613359820106
2018-07-21 10:00:00,2018-07-21 10:50:00,50.0,2,5,-0.5988516670147297,Cyclone_Inlet_Gas_Temp,4.460839736722037,Cyclone_Gas_Outlet_Temp,2.271760830173986,Cyclone_Material_Temp,1.4467756647629242
2017-06-05 13:35:00,2017-06-05 14:25:00,50.0,2,5,-0.6226109835882443,Cyclone_Inlet_Gas_Temp,4.160591786176551,Cyclone_Gas_Outlet_Temp,2.7801365982886983,Cyclone_Material_Temp,2.004728203372898
2018-02-11 16:35:00,2018-02-11 17:25:00,50.0,0,11,-0.6838101677844353,Cyclone_Inlet_Draft,4.138520530654147,Cyclone_Outlet_Gas_draft,4.055132970918134,Cyclone_cone_draft,3.5413576124643673
2017-11-27 13:15:00,2017-11-27 14:05:00,50.0,2,3,-0.597599907305946,Cyclone_Inlet_Gas_Temp,2.892042172432887,Cyclone_Outlet_Gas_draft,1.919791537355298,Cyclone_cone_draft,1.7974862725577525
2018-02-27 16:20:00,2018-02-27 17:10:00,50.0,2,4,-0.6064556142623339,Cyclone_Inlet_Gas_Temp,3.020381787510441,Cyclone_Material_Temp,2.0221666763274166,Cyclone_Gas_Outlet_Temp,1.8606405696434947
2019-09-15 09:05:00,2019-09-15 09:55:00,50.0,1,11,-0.6511568670634365,Cyclone_cone_draft,4.920257659262116,Cyclone_Outlet_Gas_draft,4.567627403698727,Cyclone_Inlet_Draft,4.278488763104625
2019-07-08 16:25:00,2019-07-08 17:15:00,50.0,2,3,-0.6521896662874167,Cyclone_cone_draft,2.8733929608276996,Cyclone_Inlet_Draft,2.6857412571599895,Cyclone_Outlet_Gas_draft,2.413027840705228
2019-07-02 01:10:00,2019-07-02 02:00:00,50.0,2,4,-0.5972785048011344,Cyclone_Material_Temp,18.209949645498796,Cyclone_cone_draft,1.4372692096939683,Cyclone_Inlet_Gas_Temp,0.7847007008092507
2017-11-27 06:50:00,2017-11-27 07:40:00,50.0,2,7,-0.5997640573602833,Cyclone_Inlet_Draft,2.7142256407744547,Cyclone_Outlet_Gas_draft,2.689820121881065,Cyclone_cone_draft,2.687649869751938
2017-03-02 02:50:00,2017-03-02 03:40:00,50.0,0,8,-0.6781173502369812,Cyclone_Inlet_Gas_Temp,3.4991702338033965,Cyclone_Inlet_Draft,3.404944346573936,Cyclone_Outlet_Gas_draft,3.3760073025869963
2020-03-22 16:10:00,2020-03-22 17:00:00,50.0,2,4,-0.6148115837544673,Cyclone_Inlet_Draft,2.5341087066724004,Cyclone_cone_draft,2.2345048027799113,Cyclone_Outlet_Gas_draft,2.039936311146704
2018-11-13 15:00:00,2018-11-13 15:50:00,50.0,0,3,-0.6318354808038857,Cyclone_Inlet_Draft,2.7915906261900254,Cyclone_Outlet_Gas_draft,2.7633337512828318,Cyclone_cone_draft,2.3676882867314877
2019-02-11 22:05:00,2019-02-11 22:55:00,50.0,2,6,-0.6180109853433751,Cyclone_Inlet_Gas_Temp,2.74681310446492,Cyclone_Inlet_Draft,2.214025227498662,Cyclone_Gas_Outlet_Temp,1.9207121550124138
2020-03-07 16:15:00,2020-03-07 17:05:00,50.0,2,8,-0.6013654898792449,Cyclone_Material_Temp,10.925310022890312,Cyclone_Outlet_Gas_draft,2.1966623767335487,Cyclone_Inlet_Draft,2.0431647551104013
2019-03-23 03:00:00,2019-03-23 03:50:00,50.0,0,6,-0.6295218983874465,Cyclone_Inlet_Draft,2.806169687108752,Cyclone_Outlet_Gas_draft,2.575753446114278,Cyclone_Gas_Outlet_Temp,2.030651268411267
2019-05-20 02:50:00,2019-05-20 03:40:00,50.0,2,6,-0.6029369789588638,Cyclone_Inlet_Gas_Temp,2.8308895426060707,Cyclone_Gas_Outlet_Temp,2.160595543769604,Cyclone_Material_Temp,1.9025534885971647
2019-05-17 17:30:00,2019-05-17 18:20:00,50.0,2,4,-0.6055962748632626,Cyclone_Inlet_Gas_Temp,2.576300424385524,Cyclone_Inlet_Draft,2.126193563216194,Cyclone_Gas_Outlet_Temp,1.7972153665482842
2019-05-15 11:10:00,2019-05-15 12:00:00,50.0,2,4,-0.604244303185996,Cyclone_cone_draft,2.6547809844797694,Cyclone_Inlet_Draft,1.8304441948053518,Cyclone_Gas_Outlet_Temp,1.706789450950108
2020-03-08 01:55:00,2020-03-08 02:45:00,50.0,2,6,-0.5980415014576712,Cyclone_Material_Temp,6.35424415938116,Cyclone_Outlet_Gas_draft,2.2239663465440667,Cyclone_Inlet_Draft,2.189286850465981
2017-03-30 21:15:00,2017-03-30 22:05:00,50.0,4,11,-0.6599142647775804,Cyclone_cone_draft,9.510260725634225,Cyclone_Gas_Outlet_Temp,2.391801832633453,Cyclone_Inlet_Gas_Temp,2.125043261309276
2019-01-08 11:50:00,2019-01-08 12:35:00,45.0,2,4,-0.6756961729881326,Cyclone_Inlet_Draft,3.9516496648535777,Cyclone_Outlet_Gas_draft,3.417200069989517,Cyclone_Inlet_Gas_Temp,3.2464172797865003
2018-08-05 07:40:00,2018-08-05 08:25:00,45.0,2,4,-0.6151853878826319,Cyclone_Inlet_Draft,2.7782915185398123,Cyclone_cone_draft,2.526917220940505,Cyclone_Outlet_Gas_draft,2.4591257830198634
2017-04-18 10:20:00,2017-04-18 11:05:00,45.0,2,5,-0.6537269172794898,Cyclone_Inlet_Gas_Temp,3.343263627618069,Cyclone_Outlet_Gas_draft,3.3121072820199995,Cyclone_Inlet_Draft,3.191619287940546
2017-03-07 22:35:00,2017-03-07 23:20:00,45.0,4,5,-0.6415097420404177,Cyclone_Outlet_Gas_draft,6.149057309649082,Cyclone_cone_draft,5.915258811004191,Cyclone_Inlet_Draft,5.585693152887836
2019-07-08 22:00:00,2019-07-08 22:45:00,45.0,2,6,-0.6390176557889452,Cyclone_cone_draft,2.9822036440230555,Cyclone_Inlet_Draft,2.478531329297897,Cyclone_Outlet_Gas_draft,2.2664176721301503
2019-06-22 17:40:00,2019-06-22 18:25:00,45.0,2,5,-0.6135719645056346,Cyclone_cone_draft,2.711871400435167,Cyclone_Outlet_Gas_draft,2.352030644261082,Cyclone_Inlet_Draft,1.992120516203279
2019-10-27 09:55:00,2019-10-27 10:40:00,45.0,2,3,-0.6320043778534966,Cyclone_cone_draft,2.633978175378213,Cyclone_Outlet_Gas_draft,2.472879165629458,Cyclone_Inlet_Draft,1.9442613591499003
2019-10-28 03:05:00,2019-10-28 03:50:00,45.0,2,3,-0.611406942267158,Cyclone_Inlet_Gas_Temp,2.5746148502447688,Cyclone_cone_draft,1.8185497684901555,Cyclone_Outlet_Gas_draft,1.7995773377211637
2020-02-17 20:20:00,2020-02-17 21:05:00,45.0,2,3,-0.6226864366760335,Cyclone_Inlet_Draft,3.29921485052363,Cyclone_Outlet_Gas_draft,2.753113444848532,Cyclone_cone_draft,2.4654733349099702
2019-11-26 13:40:00,2019-11-26 14:25:00,45.0,2,4,-0.6145701743563126,Cyclone_cone_draft,3.3475301687714336,Cyclone_Inlet_Draft,2.0920180806442747,Cyclone_Outlet_Gas_draft,1.9067981727990984
2019-02-08 00:25:00,2019-02-08 01:10:00,45.0,2,3,-0.6474020275663762,Cyclone_Inlet_Gas_Temp,3.055475441121089,Cyclone_Outlet_Gas_draft,2.7036904289269983,Cyclone_Inlet_Draft,2.638286543687343
2019-02-18 21:25:00,2019-02-18 22:10:00,45.0,2,5,-0.6064276188841978,Cyclone_Inlet_Gas_Temp,2.631924371030644,Cyclone_Material_Temp,1.9895591880254289,Cyclone_Inlet_Draft,1.8179671103397441
2018-06-25 04:40:00,2018-06-25 05:25:00,45.0,2,3,-0.6134880225594893,Cyclone_Outlet_Gas_draft,2.5941237714600702,Cyclone_cone_draft,2.4478509051447426,Cyclone_Inlet_Draft,2.2728718571507533
2018-08-05 03:55:00,2018-08-05 04:40:00,45.0,2,6,-0.6313396105279215,Cyclone_Inlet_Gas_Temp,3.4935898717877056,Cyclone_cone_draft,2.5971723218536544,Cyclone_Inlet_Draft,2.319989534306121
2018-06-18 05:35:00,2018-06-18 06:20:00,45.0,0,8,-0.6889673005672801,Cyclone_Inlet_Draft,4.088208681914576,Cyclone_Outlet_Gas_draft,4.040869648018671,Cyclone_Inlet_Gas_Temp,3.8065352182947065
2018-06-30 21:35:00,2018-06-30 22:20:00,45.0,2,3,-0.6187784172971966,Cyclone_cone_draft,3.0234474276539576,Cyclone_Inlet_Draft,2.5530164440716576,Cyclone_Outlet_Gas_draft,2.4679755943120774
2018-05-30 12:55:00,2018-05-30 13:40:00,45.0,2,5,-0.6215627641141642,Cyclone_Inlet_Draft,2.9097356822779643,Cyclone_cone_draft,2.848766396040294,Cyclone_Outlet_Gas_draft,2.7642447681848688
2017-09-17 16:40:00,2017-09-17 17:25:00,45.0,2,8,-0.669943810803032,Cyclone_Outlet_Gas_draft,3.9764262956918026,Cyclone_Inlet_Draft,3.9064867983384186,Cyclone_Material_Temp,3.492729927846121
2017-12-12 13:05:00,2017-12-12 13:50:00,45.0,2,7,-0.603576217049002,Cyclone_Outlet_Gas_draft,2.4842648022878158,Cyclone_Inlet_Draft,2.3698708206076913,Cyclone_Inlet_Gas_Temp,2.1934602243223136
2018-04-14 12:05:00,2018-04-14 12:50:00,45.0,0,8,-0.6647605730985258,Cyclone_Inlet_Draft,3.940810932153591,Cyclone_Outlet_Gas_draft,3.7573861053918467,Cyclone_cone_draft,3.1821705978134722
2018-06-01 03:20:00,2018-06-01 04:05:00,45.0,2,4,-0.6313169568078174,Cyclone_Inlet_Draft,2.681292377771929,Cyclone_Outlet_Gas_draft,2.499786684356077,Cyclone_Inlet_Gas_Temp,2.3680645950358987
2019-05-16 16:35:00,2019-05-16 17:20:00,45.0,2,3,-0.6250344893151258,Cyclone_Inlet_Gas_Temp,4.294170165683586,Cyclone_Gas_Outlet_Temp,2.5042281410622866,Cyclone_Inlet_Draft,1.6781374830277334
2019-05-02 03:50:00,2019-05-02 04:35:00,45.0,2,5,-0.6149619234088904,Cyclone_Inlet_Gas_Temp,3.543267112864214,Cyclone_Gas_Outlet_Temp,2.6939460885733393,Cyclone_Material_Temp,2.2869662039572725
2018-05-26 20:30:00,2018-05-26 21:15:00,45.0,2,4,-0.6380802923032048,Cyclone_Inlet_Gas_Temp,3.7140629693992566,Cyclone_Outlet_Gas_draft,2.415541741280168,Cyclone_Inlet_Draft,2.300744760589587
2018-04-14 13:25:00,2018-04-14 14:05:00,40.0,2,4,-0.6464637640547509,Cyclone_Inlet_Draft,3.2854299764915122,Cyclone_Inlet_Gas_Temp,2.6948299979638453,Cyclone_Outlet_Gas_draft,2.4519056244166935
2018-05-09 07:40:00,2018-05-09 08:20:00,40.0,2,3,-0.6007639145955173,Cyclone_cone_draft,4.027088599422261,Cyclone_Gas_Outlet_Temp,3.0858017232777524,Cyclone_Inlet_Draft,1.6719360147898306
2018-05-09 13:45:00,2018-05-09 14:25:00,40.0,4,5,-0.6665878779517961,Cyclone_Outlet_Gas_draft,6.43809023804377,Cyclone_cone_draft,5.809962123660647,Cyclone_Inlet_Draft,5.750715853095804
2018-03-17 11:45:00,2018-03-17 12:25:00,40.0,2,4,-0.627355837834736,Cyclone_Gas_Outlet_Temp,5.889622770179136,Cyclone_Inlet_Gas_Temp,3.9364576215312663,Cyclone_Material_Temp,1.3348943520834882
2017-05-31 01:00:00,2017-05-31 01:40:00,40.0,2,4,-0.6514505518377199,Cyclone_Inlet_Gas_Temp,5.768305886227592,Cyclone_Inlet_Draft,2.9052530106027032,Cyclone_Gas_Outlet_Temp,2.495422026330928
2019-10-27 11:25:00,2019-10-27 12:05:00,40.0,2,4,-0.6151157372836646,Cyclone_cone_draft,2.917084073677584,Cyclone_Outlet_Gas_draft,2.708652461848066,Cyclone_Inlet_Draft,2.387767449055117
2020-01-27 11:35:00,2020-01-27 12:15:00,40.0,2,3,-0.6335945962652154,Cyclone_Inlet_Gas_Temp,3.8745296275997076,Cyclone_Inlet_Draft,2.600336343017391,Cyclone_Outlet_Gas_draft,2.1798707550186927
2020-07-17 16:35:00,2020-07-17 17:15:00,40.0,0,9,-0.6852547441038657,Cyclone_Material_Temp,9.702795145425279,Cyclone_Outlet_Gas_draft,2.8783501349103937,Cyclone_Inlet_Draft,2.5685042084572784
2017-01-20 04:40:00,2017-01-20 05:20:00,40.0,0,3,-0.6449300995890362,Cyclone_Inlet_Draft,2.3622545014968135,Cyclone_Outlet_Gas_draft,2.285864614963159,Cyclone_cone_draft,1.660272366146639
2018-02-23 13:50:00,2018-02-23 14:30:00,40.0,0,4,-0.6351199847081473,Cyclone_Inlet_Gas_Temp,5.312428766350807,Cyclone_Gas_Outlet_Temp,3.2205318424582825,Cyclone_cone_draft,2.6346112291943133
2018-02-26 18:40:00,2018-02-26 19:20:00,40.0,4,6,-0.6819953138425525,Cyclone_Outlet_Gas_draft,4.530233888497026,Cyclone_cone_draft,4.374561460144829,Cyclone_Inlet_Draft,3.9759000959528423
2018-05-19 13:45:00,2018-05-19 14:25:00,40.0,0,3,-0.6191307386058279,Cyclone_Gas_Outlet_Temp,3.1532449270424068,Cyclone_Outlet_Gas_draft,2.619643979851206,Cyclone_Inlet_Draft,2.2752393190055162
2018-06-11 03:25:00,2018-06-11 04:05:00,40.0,2,4,-0.6271252917075458,Cyclone_Inlet_Gas_Temp,2.5194628643590615,Cyclone_cone_draft,2.373007716008692,Cyclone_Outlet_Gas_draft,2.11659204653043
2018-06-05 10:55:00,2018-06-05 11:35:00,40.0,0,5,-0.6762085242730382,Cyclone_Inlet_Draft,3.53050794368341,Cyclone_cone_draft,3.2311287676506337,Cyclone_Outlet_Gas_draft,2.9221496886041347
2019-04-14 05:05:00,2019-04-14 05:45:00,40.0,2,6,-0.6155739949150301,Cyclone_cone_draft,2.5657825004287518,Cyclone_Inlet_Draft,2.5129764409236386,Cyclone_Outlet_Gas_draft,2.2028320337704783
2018-07-25 13:25:00,2018-07-25 14:05:00,40.0,2,4,-0.6001081943369817,Cyclone_Inlet_Gas_Temp,4.616991325122148,Cyclone_Material_Temp,2.298873488025368,Cyclone_Gas_Outlet_Temp,1.9761083225238332
2018-08-02 04:45:00,2018-08-02 05:25:00,40.0,2,3,-0.6071870387872337,Cyclone_cone_draft,2.710831780102759,Cyclone_Outlet_Gas_draft,2.6382193629854407,Cyclone_Inlet_Draft,2.5473542339413995
2019-04-29 10:10:00,2019-04-29 10:50:00,40.0,2,4,-0.6146810698995606,Cyclone_cone_draft,3.6269603827558674,Cyclone_Outlet_Gas_draft,1.8698971623876128,Cyclone_Inlet_Draft,1.7533303740677761
2019-05-02 17:35:00,2019-05-02 18:15:00,40.0,2,5,-0.6167985705851327,Cyclone_Inlet_Gas_Temp,3.611553092454731,Cyclone_Gas_Outlet_Temp,2.24198592681777,Cyclone_cone_draft,1.6323150965333684
2019-04-18 20:40:00,2019-04-18 21:20:00,40.0,2,3,-0.631982754114533,Cyclone_Material_Temp,16.663509138723164,Cyclone_Inlet_Gas_Temp,1.7904857599627062,Cyclone_Gas_Outlet_Temp,1.4581534781041499
2018-08-22 19:10:00,2018-08-22 19:50:00,40.0,0,3,-0.6251506264294552,Cyclone_Inlet_Draft,2.746016711349596,Cyclone_Outlet_Gas_draft,2.7344549246715744,Cyclone_cone_draft,2.2785893088180353
2018-08-24 22:55:00,2018-08-24 23:35:00,40.0,2,3,-0.6521479942705526,Cyclone_Inlet_Draft,3.177140207750312,Cyclone_Outlet_Gas_draft,3.126639791724884,Cyclone_cone_draft,2.5645312036406884
2018-10-18 10:55:00,2018-10-18 11:35:00,40.0,0,4,-0.7198204412734388,Cyclone_Outlet_Gas_draft,4.914168006099209,Cyclone_Inlet_Draft,4.629241076481182,Cyclone_cone_draft,4.269502004464249
2018-10-26 16:45:00,2018-10-26 17:25:00,40.0,0,5,-0.6722111029708987,Cyclone_Outlet_Gas_draft,3.1422803053525117,Cyclone_Inlet_Draft,2.988166877506778,Cyclone_cone_draft,2.9856703371021203
2018-09-03 04:35:00,2018-09-03 05:15:00,40.0,2,3,-0.6654143758858893,Cyclone_Inlet_Gas_Temp,4.16417868794809,Cyclone_Inlet_Draft,2.8162417192097653,Cyclone_Outlet_Gas_draft,2.637700506574643
2018-12-10 20:20:00,2018-12-10 21:00:00,40.0,2,3,-0.6295665827356204,Cyclone_Inlet_Gas_Temp,3.0584420516088255,Cyclone_Inlet_Draft,2.9304296235033185,Cyclone_Outlet_Gas_draft,2.2726585795154124
2018-12-13 20:10:00,2018-12-13 20:50:00,40.0,4,4,-0.6849629069875816,Cyclone_Outlet_Gas_draft,8.38923487644479,Cyclone_cone_draft,7.126730010890564,Cyclone_Inlet_Draft,6.608638129111087
2019-01-12 06:45:00,2019-01-12 07:25:00,40.0,2,3,-0.6710994576995395,Cyclone_Inlet_Gas_Temp,3.5642491397684055,Cyclone_Inlet_Draft,2.913308178585631,Cyclone_cone_draft,2.7427367212074008
2017-03-08 00:00:00,2017-03-08 00:40:00,40.0,2,3,-0.6331209589456516,Cyclone_Inlet_Gas_Temp,3.1981424363951056,Cyclone_Inlet_Draft,2.3481656817750323,Cyclone_Outlet_Gas_draft,2.1970515211923263
2017-01-28 17:25:00,2017-01-28 18:05:00,40.0,0,4,-0.6268951589406844,Cyclone_Outlet_Gas_draft,2.6459694955730546,Cyclone_Inlet_Gas_Temp,2.4310841687155595,Cyclone_Inlet_Draft,2.4244738008507505
2017-03-25 10:05:00,2017-03-25 10:40:00,35.0,0,7,-0.647619355819893,Cyclone_Inlet_Draft,3.909717681870233,Cyclone_Outlet_Gas_draft,3.8799355946689116,Cyclone_cone_draft,2.8720285377184855
2018-10-25 17:35:00,2018-10-25 18:10:00,35.0,4,8,-0.6561642785811604,Cyclone_cone_draft,7.814383748968936,Cyclone_Outlet_Gas_draft,7.736807852366848,Cyclone_Inlet_Draft,6.823798437927935
2018-10-18 15:00:00,2018-10-18 15:35:00,35.0,0,6,-0.6756894200365245,Cyclone_Outlet_Gas_draft,4.768167048086652,Cyclone_Inlet_Draft,4.395229929372328,Cyclone_cone_draft,3.7808897311737857
2020-03-08 05:45:00,2020-03-08 06:20:00,35.0,2,4,-0.5994940824305196,Cyclone_Material_Temp,7.137894748235664,Cyclone_Outlet_Gas_draft,2.253329304241938,Cyclone_Inlet_Draft,2.133305118166218
2020-03-08 03:20:00,2020-03-08 03:55:00,35.0,2,5,-0.6024961957542596,Cyclone_Material_Temp,8.134343829594258,Cyclone_Outlet_Gas_draft,2.1191395644631013,Cyclone_Inlet_Draft,2.0353286607337053
2018-02-17 20:30:00,2018-02-17 21:05:00,35.0,2,3,-0.6029690195086386,Cyclone_Inlet_Gas_Temp,2.685053667947431,Cyclone_Material_Temp,1.9453882728685314,Cyclone_Gas_Outlet_Temp,1.8897413375633594
2018-04-28 20:20:00,2018-04-28 20:55:00,35.0,2,4,-0.6199574816072764,Cyclone_Gas_Outlet_Temp,5.880040164369257,Cyclone_Material_Temp,2.3869500570604134,Cyclone_Inlet_Gas_Temp,1.6682142117919008
2017-12-14 18:40:00,2017-12-14 19:15:00,35.0,2,3,-0.6008485528426903,Cyclone_Inlet_Draft,3.074681167298009,Cyclone_Outlet_Gas_draft,2.9439142082809973,Cyclone_cone_draft,2.140654416684173
2020-07-20 21:20:00,2020-07-20 21:55:00,35.0,2,4,-0.6008550313551697,Cyclone_Inlet_Draft,2.826824748227746,Cyclone_Outlet_Gas_draft,2.631543638282353,Cyclone_cone_draft,2.332731600642899
2018-05-31 14:50:00,2018-05-31 15:25:00,35.0,2,3,-0.6109401695650353,Cyclone_cone_draft,2.420218101075005,Cyclone_Outlet_Gas_draft,2.254045473941885,Cyclone_Inlet_Draft,2.1597624690724886
2018-05-29 00:25:00,2018-05-29 01:00:00,35.0,2,3,-0.625347325659331,Cyclone_Outlet_Gas_draft,2.6466014728454255,Cyclone_Inlet_Draft,2.5615770778750266,Cyclone_cone_draft,2.212499707265485
2018-05-23 22:25:00,2018-05-23 23:00:00,35.0,4,3,-0.6593553243606407,Cyclone_cone_draft,6.3911322251932425,Cyclone_Outlet_Gas_draft,6.285207998883348,Cyclone_Inlet_Draft,5.282813176466298
2018-06-19 15:15:00,2018-06-19 15:50:00,35.0,0,4,-0.667061206059718,Cyclone_Inlet_Gas_Temp,3.785596419270274,Cyclone_Inlet_Draft,3.2373999417638446,Cyclone_Outlet_Gas_draft,3.070435419636699
2018-06-24 04:15:00,2018-06-24 04:50:00,35.0,2,5,-0.6167247651413663,Cyclone_cone_draft,2.4988412492583305,Cyclone_Outlet_Gas_draft,2.3924913079375534,Cyclone_Inlet_Draft,2.1822225692558472
2019-04-30 12:55:00,2019-04-30 13:30:00,35.0,2,4,-0.6366920062306631,Cyclone_Inlet_Draft,3.0878592873035515,Cyclone_Outlet_Gas_draft,2.9739933356788155,Cyclone_cone_draft,2.8868965386655514
2018-06-11 14:00:00,2018-06-11 14:35:00,35.0,2,3,-0.6122024128187736,Cyclone_Inlet_Gas_Temp,3.2693410881008487,Cyclone_Gas_Outlet_Temp,2.2942225993725307,Cyclone_Material_Temp,2.207178231175344
2018-07-13 21:20:00,2018-07-13 21:55:00,35.0,0,5,-0.6703812245870668,Cyclone_Inlet_Draft,5.0779776838142725,Cyclone_Outlet_Gas_draft,4.854248843141003,Cyclone_cone_draft,4.096895868764553
2019-04-07 17:35:00,2019-04-07 18:10:00,35.0,2,3,-0.6617427781462686,Cyclone_Inlet_Gas_Temp,3.6443476229373726,Cyclone_Inlet_Draft,2.988669499128839,Cyclone_Outlet_Gas_draft,2.7368388550388776
2018-08-26 17:30:00,2018-08-26 18:05:00,35.0,2,3,-0.6135853071260257,Cyclone_cone_draft,2.741280001945635,Cyclone_Inlet_Gas_Temp,2.5720527775508053,Cyclone_Inlet_Draft,2.2550763395985123
2019-03-09 05:05:00,2019-03-09 05:40:00,35.0,2,4,-0.6669585594516194,Cyclone_Inlet_Draft,3.515962817509195,Cyclone_Outlet_Gas_draft,3.2344233315670636,Cyclone_cone_draft,2.6382013020379276
2018-10-27 22:45:00,2018-10-27 23:20:00,35.0,0,5,-0.6319323339700571,Cyclone_Material_Temp,9.056694998319173,Cyclone_Inlet_Draft,1.5723470510793547,Cyclone_Inlet_Gas_Temp,1.5459161348676906
2017-09-14 00:00:00,2017-09-14 00:35:00,35.0,2,3,-0.632346181064085,Cyclone_Outlet_Gas_draft,2.7932116414205033,Cyclone_Inlet_Gas_Temp,2.7687929912604385,Cyclone_Inlet_Draft,2.4839239103743336
2017-09-11 07:10:00,2017-09-11 07:45:00,35.0,0,6,-0.6660390408277229,Cyclone_Material_Temp,10.01045751013746,Cyclone_Inlet_Gas_Temp,3.2674475245996923,Cyclone_Gas_Outlet_Temp,1.649117378479548
2017-06-04 16:45:00,2017-06-04 17:20:00,35.0,0,4,-0.6474185598821685,Cyclone_Inlet_Gas_Temp,4.865126263626907,Cyclone_Outlet_Gas_draft,2.3192337469316553,Cyclone_Inlet_Draft,2.2373854187066966
2017-04-20 04:45:00,2017-04-20 05:20:00,35.0,2,3,-0.5948172346608341,Cyclone_Inlet_Gas_Temp,4.325184729873589,Cyclone_Material_Temp,2.3079120204862997,Cyclone_Gas_Outlet_Temp,1.9815790551224737
2017-06-16 19:50:00,2017-06-16 20:25:00,35.0,0,7,-0.6900834274534902,Cyclone_Inlet_Draft,5.0785680619842095,Cyclone_Outlet_Gas_draft,5.035642086110045,Cyclone_cone_draft,3.7979176197745974
2017-10-27 18:35:00,2017-10-27 19:05:00,30.0,0,4,-0.6429830015679504,Cyclone_Outlet_Gas_draft,4.027398731946956,Cyclone_Inlet_Draft,3.7764521095521193,Cyclone_cone_draft,3.1859711847793646
2017-11-17 10:15:00,2017-11-17 10:45:00,30.0,2,3,-0.6085874254232317,Cyclone_Inlet_Gas_Temp,3.64569608224998,Cyclone_Material_Temp,2.5038778836972053,Cyclone_Gas_Outlet_Temp,1.9675316256111286
2018-06-16 08:55:00,2018-06-16 09:25:00,30.0,2,5,-0.6429367506152159,Cyclone_cone_draft,3.2322262967423563,Cyclone_Inlet_Gas_Temp,2.8451157883541,Cyclone_Inlet_Draft,2.793741263323805
2018-08-05 06:05:00,2018-08-05 06:35:00,30.0,2,4,-0.6128762729496379,Cyclone_Inlet_Draft,2.957864468385166,Cyclone_cone_draft,2.8815816543072588,Cyclone_Outlet_Gas_draft,2.7561571660733137
2019-04-10 16:40:00,2019-04-10 17:10:00,30.0,2,3,-0.5978730866300109,Cyclone_Inlet_Gas_Temp,4.333005793886723,Cyclone_Gas_Outlet_Temp,3.0484072069064263,Cyclone_Material_Temp,1.7234857512914756
2018-08-06 18:10:00,2018-08-06 18:40:00,30.0,2,3,-0.6412349894647211,Cyclone_Inlet_Draft,3.1643328276937743,Cyclone_Inlet_Gas_Temp,2.9051222277651902,Cyclone_Outlet_Gas_draft,2.8551091654874403
2018-06-24 00:25:00,2018-06-24 00:55:00,30.0,0,3,-0.6256249236476169,Cyclone_cone_draft,2.6111908005291307,Cyclone_Outlet_Gas_draft,2.498511720572713,Cyclone_Inlet_Draft,2.2314124412100127
2017-03-07 21:05:00,2017-03-07 21:35:00,30.0,0,6,-0.7058328359247259,Cyclone_Inlet_Gas_Temp,4.024672363768883,Cyclone_Outlet_Gas_draft,3.8969597635793374,Cyclone_Inlet_Draft,3.840881227194917
2017-03-31 00:05:00,2017-03-31 00:35:00,30.0,0,3,-0.6647032721351348,Cyclone_Inlet_Gas_Temp,4.421610712013702,Cyclone_Inlet_Draft,2.807088053150876,Cyclone_Outlet_Gas_draft,2.6715026044671544
2018-09-11 18:20:00,2018-09-11 18:50:00,30.0,2,3,-0.6023530733702839,Cyclone_Inlet_Gas_Temp,4.40771043980525,Cyclone_Material_Temp,2.538722081300213,Cyclone_cone_draft,2.076737132751569
2020-03-12 14:25:00,2020-03-12 14:55:00,30.0,2,3,-0.6034115544141695,Cyclone_Inlet_Draft,2.79837888304954,Cyclone_cone_draft,2.7888292798920515,Cyclone_Outlet_Gas_draft,2.628295297143304
2019-07-08 17:50:00,2019-07-08 18:20:00,30.0,2,6,-0.6114055364907609,Cyclone_cone_draft,3.164736562981821,Cyclone_Inlet_Draft,2.7310389382020603,Cyclone_Outlet_Gas_draft,2.5571314153304883
2017-12-09 11:00:00,2017-12-09 11:30:00,30.0,2,3,-0.6429446191441645,Cyclone_Inlet_Gas_Temp,4.889784644062922,Cyclone_Inlet_Draft,2.8591127387674398,Cyclone_Outlet_Gas_draft,2.7804228967785742
2018-01-17 22:25:00,2018-01-17 22:55:00,30.0,2,5,-0.6107150819136025,Cyclone_Inlet_Gas_Temp,2.5527967785667505,Cyclone_Material_Temp,1.8961479199400677,Cyclone_Inlet_Draft,1.838917287821703
2018-03-12 17:05:00,2018-03-12 17:35:00,30.0,2,3,-0.6056322073963535,Cyclone_Gas_Outlet_Temp,3.659346269909434,Cyclone_Inlet_Gas_Temp,2.351714525870515,Cyclone_cone_draft,1.7359673074689403
2018-05-09 06:30:00,2018-05-09 07:00:00,30.0,2,5,-0.6010989800243889,Cyclone_Gas_Outlet_Temp,3.517996657580169,Cyclone_cone_draft,3.5145782899779126,Cyclone_Inlet_Draft,1.6646021045258776
2019-05-19 08:15:00,2019-05-19 08:45:00,30.0,2,3,-0.6013503971585225,Cyclone_Inlet_Gas_Temp,3.1914001398320537,Cyclone_Gas_Outlet_Temp,2.08393469729059,Cyclone_Material_Temp,2.0767089800001717
2018-06-15 09:10:00,2018-06-15 09:40:00,30.0,2,3,-0.6046327321687034,Cyclone_cone_draft,3.043676725727654,Cyclone_Outlet_Gas_draft,2.6404701820424217,Cyclone_Inlet_Draft,2.6082904001051372
2018-05-17 10:55:00,2018-05-17 11:25:00,30.0,2,5,-0.6016128753885883,Cyclone_Gas_Outlet_Temp,6.361902291657528,Cyclone_Inlet_Gas_Temp,2.1507671191055446,Cyclone_Material_Temp,1.2914700983038006
2018-06-28 19:35:00,2018-06-28 20:05:00,30.0,2,6,-0.6070569799156315,Cyclone_Inlet_Gas_Temp,2.5022700081233,Cyclone_cone_draft,2.50196949122849,Cyclone_Outlet_Gas_draft,2.2467814669852686
2018-07-02 18:00:00,2018-07-02 18:30:00,30.0,2,5,-0.635995446734771,Cyclone_Inlet_Draft,3.366581580965545,Cyclone_Outlet_Gas_draft,3.006650673996446,Cyclone_cone_draft,2.3584426226466264
2019-04-16 14:10:00,2019-04-16 14:40:00,30.0,2,7,-0.6481741263572157,Cyclone_cone_draft,3.4752518194959165,Cyclone_Inlet_Draft,3.149002490062189,Cyclone_Outlet_Gas_draft,3.120355037215136
2019-05-02 16:25:00,2019-05-02 16:55:00,30.0,2,3,-0.6288387185754957,Cyclone_Inlet_Gas_Temp,3.688981626184727,Cyclone_Gas_Outlet_Temp,2.1668074723977417,Cyclone_Inlet_Draft,1.7396129072991144
2019-03-28 05:30:00,2019-03-28 06:00:00,30.0,2,4,-0.6112208671060039,Cyclone_Inlet_Gas_Temp,3.0192693085775373,Cyclone_Gas_Outlet_Temp,2.984399047433274,Cyclone_Material_Temp,2.727958167624448
2018-08-16 04:15:00,2018-08-16 04:45:00,30.0,2,5,-0.6052096103200524,Cyclone_Inlet_Draft,2.0847516662992494,Cyclone_cone_draft,2.021283830093889,Cyclone_Inlet_Gas_Temp,2.017509400472216
2019-03-17 20:30:00,2019-03-17 21:00:00,30.0,0,6,-0.6804423870761985,Cyclone_cone_draft,3.282825563342059,Cyclone_Gas_Outlet_Temp,2.9878061522849997,Cyclone_Outlet_Gas_draft,2.5951233907925615
2018-11-04 16:40:00,2018-11-04 17:10:00,30.0,1,3,-0.6545755355100842,Cyclone_Outlet_Gas_draft,5.582966000080764,Cyclone_Inlet_Draft,4.6094524839299655,Cyclone_Gas_Outlet_Temp,1.5569979557033742
2017-05-31 02:20:00,2017-05-31 02:50:00,30.0,2,4,-0.6258705481444682,Cyclone_Inlet_Gas_Temp,2.875557257336247,Cyclone_Inlet_Draft,2.684730148208157,Cyclone_Outlet_Gas_draft,1.9193055650589053
2019-11-28 14:05:00,2019-11-28 14:35:00,30.0,2,3,-0.6432634429597853,Cyclone_cone_draft,3.027198191027173,Cyclone_Inlet_Draft,2.189219354547051,Cyclone_Inlet_Gas_Temp,2.1704815942558877
2017-12-09 01:35:00,2017-12-09 02:05:00,30.0,2,5,-0.6128287402350835,Cyclone_Outlet_Gas_draft,2.9224905032568387,Cyclone_Inlet_Draft,2.668754626769213,Cyclone_cone_draft,1.4886662252636773
2018-01-01 15:35:00,2018-01-01 16:00:00,25.0,0,3,-0.6426951154514128,Cyclone_Inlet_Draft,2.7200728706595787,Cyclone_Outlet_Gas_draft,2.4792118809336556,Cyclone_Inlet_Gas_Temp,1.7963971598646251
2017-05-15 14:10:00,2017-05-15 14:35:00,25.0,2,3,-0.6299233122709209,Cyclone_Inlet_Gas_Temp,3.010436900079948,Cyclone_Outlet_Gas_draft,2.3737408171652215,Cyclone_Inlet_Draft,2.3696011915538695
2020-02-15 04:00:00,2020-02-15 04:25:00,25.0,2,4,-0.6011017052431016,Cyclone_Inlet_Draft,3.102857492077866,Cyclone_Outlet_Gas_draft,2.7830902622892153,Cyclone_cone_draft,2.288466976765151
2019-08-14 22:20:00,2019-08-14 22:45:00,25.0,2,3,-0.6191504433264815,Cyclone_Inlet_Draft,2.99905021770098,Cyclone_Outlet_Gas_draft,2.47349302537227,Cyclone_cone_draft,2.3361695398190965
2017-01-26 11:00:00,2017-01-26 11:25:00,25.0,2,4,-0.64962785426684,Cyclone_Outlet_Gas_draft,4.380192541526794,Cyclone_Inlet_Draft,4.2948200431053385,Cyclone_cone_draft,3.6146820330229943
2018-04-24 04:15:00,2018-04-24 04:40:00,25.0,2,3,-0.6204913425500426,Cyclone_Gas_Outlet_Temp,2.6755320734287267,Cyclone_Outlet_Gas_draft,2.385104529032376,Cyclone_Inlet_Gas_Temp,1.9020033451154683
2018-12-22 12:20:00,2018-12-22 12:45:00,25.0,2,5,-0.6386442674341742,Cyclone_Inlet_Draft,3.3426385209861635,Cyclone_Outlet_Gas_draft,2.9933299175774124,Cyclone_cone_draft,2.7611099290454666
2018-10-18 17:50:00,2018-10-18 18:15:00,25.0,0,4,-0.6670666445970908,Cyclone_Outlet_Gas_draft,4.54120852583918,Cyclone_Inlet_Draft,4.2367256902894,Cyclone_cone_draft,3.670793887298039
2019-01-12 05:45:00,2019-01-12 06:10:00,25.0,0,4,-0.6521514478499224,Cyclone_Inlet_Draft,4.298887591765704,Cyclone_Outlet_Gas_draft,3.8349099067065207,Cyclone_cone_draft,3.702322234823793
2018-03-08 02:05:00,2018-03-08 02:30:00,25.0,2,4,-0.6534912770304202,Cyclone_Outlet_Gas_draft,3.4875637430094124,Cyclone_Inlet_Draft,3.468137364087545,Cyclone_cone_draft,2.480303288594163
2018-05-16 22:10:00,2018-05-16 22:35:00,25.0,2,3,-0.6388194599848692,Cyclone_Gas_Outlet_Temp,7.378244405318276,Cyclone_Inlet_Draft,2.5819340714385763,Cyclone_Outlet_Gas_draft,2.4740045751579474
2019-07-16 09:20:00,2019-07-16 09:45:00,25.0,2,4,-0.6604911505889312,Cyclone_Inlet_Draft,3.193722394560356,Cyclone_cone_draft,2.99974786773903,Cyclone_Outlet_Gas_draft,2.831424410410587
2017-12-08 21:30:00,2017-12-08 21:55:00,25.0,0,4,-0.643822389747096,Cyclone_Outlet_Gas_draft,4.126911822731635,Cyclone_Inlet_Draft,3.9402082544384465,Cyclone_cone_draft,3.385121941792148
2018-05-07 06:25:00,2018-05-07 06:50:00,25.0,2,4,-0.6280696348151331,Cyclone_cone_draft,3.8130125739310614,Cyclone_Inlet_Draft,3.1266858710538985,Cyclone_Outlet_Gas_draft,2.8338798493818387
2018-07-03 00:15:00,2018-07-03 00:40:00,25.0,4,4,-0.6798210013816002,Cyclone_cone_draft,3.5852713126292706,Cyclone_Outlet_Gas_draft,3.135171964709052,Cyclone_Inlet_Gas_Temp,2.793129833882616
2018-05-30 14:20:00,2018-05-30 14:45:00,25.0,2,4,-0.6392738430589398,Cyclone_Inlet_Draft,3.8162959684904827,Cyclone_Outlet_Gas_draft,3.482123044417072,Cyclone_cone_draft,3.448028069053761
2018-06-02 09:45:00,2018-06-02 10:10:00,25.0,2,4,-0.6293924189021088,Cyclone_Inlet_Draft,4.528420003265718,Cyclone_cone_draft,4.013536011209218,Cyclone_Outlet_Gas_draft,3.8312557731417436
2018-07-03 20:35:00,2018-07-03 21:00:00,25.0,0,6,-0.6567368328756474,Cyclone_Material_Temp,10.266466384432729,Cyclone_cone_draft,1.7851965666084286,Cyclone_Outlet_Gas_draft,1.5691065568274685
2018-05-08 20:00:00,2018-05-08 20:25:00,25.0,2,3,-0.6313421057430225,Cyclone_Outlet_Gas_draft,2.7762281885360207,Cyclone_Inlet_Draft,2.724702655437247,Cyclone_Inlet_Gas_Temp,2.395000069805266
2018-06-02 06:40:00,2018-06-02 07:05:00,25.0,2,4,-0.6440921593843427,Cyclone_cone_draft,3.2963083335010603,Cyclone_Inlet_Draft,3.216101694683042,Cyclone_Outlet_Gas_draft,3.0551835932909035
2019-11-05 20:45:00,2019-11-05 21:10:00,25.0,2,4,-0.6216533606641098,Cyclone_Inlet_Draft,3.0412809569113,Cyclone_Outlet_Gas_draft,2.450378281684785,Cyclone_Inlet_Gas_Temp,2.3217420482864632
2017-09-09 03:55:00,2017-09-09 04:20:00,25.0,2,5,-0.6107138543826623,Cyclone_Material_Temp,18.209949645498796,Cyclone_Outlet_Gas_draft,1.6642621884138378,Cyclone_Inlet_Gas_Temp,1.4556064049080986
2017-09-17 19:50:00,2017-09-17 20:15:00,25.0,0,3,-0.6901500079930395,Cyclone_Inlet_Gas_Temp,4.900259218821695,Cyclone_Outlet_Gas_draft,3.032575982310964,Cyclone_Inlet_Draft,2.616641895165305
2017-10-21 19:30:00,2017-10-21 19:55:00,25.0,0,6,-0.6373678983602753,Cyclone_Inlet_Gas_Temp,6.849682139480456,Cyclone_Outlet_Gas_draft,2.3950846893877493,Cyclone_Inlet_Draft,1.9943341058706805
2019-12-29 13:10:00,2019-12-29 13:35:00,25.0,2,3,-0.6001063268224617,Cyclone_Inlet_Gas_Temp,3.3981189524549973,Cyclone_cone_draft,2.8898683685372024,Cyclone_Gas_Outlet_Temp,1.6098515988070985
2018-06-21 17:35:00,2018-06-21 18:00:00,25.0,0,3,-0.6813494469679812,Cyclone_Inlet_Draft,4.71132004149606,Cyclone_Outlet_Gas_draft,4.482328296277355,Cyclone_cone_draft,3.7466513998984383
2018-08-12 21:25:00,2018-08-12 21:50:00,25.0,2,4,-0.6072418421403043,Cyclone_cone_draft,2.8938568770491546,Cyclone_Inlet_Draft,2.6566213193472294,Cyclone_Outlet_Gas_draft,2.508457453223305
2019-01-23 12:10:00,2019-01-23 12:35:00,25.0,2,3,-0.623350267986616,Cyclone_Inlet_Draft,2.863966061736233,Cyclone_Outlet_Gas_draft,2.49477349645644,Cyclone_cone_draft,2.2215716089789463
2019-02-11 18:05:00,2019-02-11 18:30:00,25.0,4,3,-0.6607542316902343,Cyclone_Inlet_Draft,5.616580529991787,Cyclone_Outlet_Gas_draft,5.479887244195859,Cyclone_cone_draft,4.944669940839872
2017-12-10 00:45:00,2017-12-10 01:05:00,20.0,2,3,-0.5961853502972635,Cyclone_Outlet_Gas_draft,2.411390881391062,Cyclone_Inlet_Draft,2.263097715294238,Cyclone_Inlet_Gas_Temp,1.8734130383268321
2019-07-19 21:05:00,2019-07-19 21:25:00,20.0,2,3,-0.6644443892109039,Cyclone_cone_draft,3.4069667662044503,Cyclone_Inlet_Draft,3.0274960828791846,Cyclone_Outlet_Gas_draft,2.742977452467004
2018-08-16 06:20:00,2018-08-16 06:40:00,20.0,2,3,-0.6152817523273052,Cyclone_Inlet_Draft,2.377353115506722,Cyclone_cone_draft,2.1928991845767998,Cyclone_Outlet_Gas_draft,2.115722411894776
2018-08-05 10:15:00,2018-08-05 10:35:00,20.0,2,3,-0.6196100978670508,Cyclone_Inlet_Draft,2.760900444568304,Cyclone_Outlet_Gas_draft,2.466338634997912,Cyclone_cone_draft,2.36828928437037
2019-02-01 12:55:00,2019-02-01 13:15:00,20.0,0,5,-0.6727157322266037,Cyclone_Inlet_Draft,4.345259337105228,Cyclone_Outlet_Gas_draft,4.2021508510263015,Cyclone_cone_draft,3.755570110645066
2019-03-22 21:55:00,2019-03-22 22:15:00,20.0,2,3,-0.5945561263129457,Cyclone_Inlet_Gas_Temp,2.7687929912604385,Cyclone_Gas_Outlet_Temp,2.1636832724901014,Cyclone_Material_Temp,1.7948770584104237
2019-04-14 15:20:00,2019-04-14 15:40:00,20.0,2,3,-0.6150974443467219,Cyclone_Inlet_Draft,2.8476535039800104,Cyclone_Outlet_Gas_draft,2.441981558574557,Cyclone_cone_draft,2.387055609200346
2018-12-09 23:35:00,2018-12-09 23:55:00,20.0,2,4,-0.6174306137795766,Cyclone_Outlet_Gas_draft,2.8315011428784396,Cyclone_Inlet_Draft,2.82850984115866,Cyclone_cone_draft,2.299569108768239
2017-03-12 04:30:00,2017-03-12 04:50:00,20.0,0,3,-0.6246862837613341,Cyclone_Outlet_Gas_draft,3.521138814219109,Cyclone_Inlet_Draft,3.3731459223653744,Cyclone_cone_draft,2.6022010268182294
2018-04-28 16:20:00,2018-04-28 16:40:00,20.0,2,5,-0.616418792488828,Cyclone_Gas_Outlet_Temp,5.853018274836873,Cyclone_Inlet_Gas_Temp,3.2074198364658546,Cyclone_Material_Temp,1.04963040802307
2018-04-28 12:15:00,2018-04-28 12:35:00,20.0,4,5,-0.6805468781730297,Cyclone_Outlet_Gas_draft,5.742811600178304,Cyclone_cone_draft,4.991750187730495,Cyclone_Inlet_Draft,3.9261854365609574
2017-05-09 12:15:00,2017-05-09 12:35:00,20.0,0,3,-0.6503141692598838,Cyclone_Outlet_Gas_draft,2.738945230028812,Cyclone_Inlet_Draft,2.731208058920338,Cyclone_cone_draft,1.7655871817812343
2017-01-23 00:05:00,2017-01-23 00:25:00,20.0,0,5,-0.6578815010581723,Cyclone_Inlet_Draft,4.198068219703721,Cyclone_Outlet_Gas_draft,3.944407323520822,Cyclone_cone_draft,3.193532700412376
2019-10-26 14:35:00,2019-10-26 14:55:00,20.0,0,5,-0.6429496059675237,Cyclone_Outlet_Gas_draft,4.292749364998815,Cyclone_Inlet_Draft,3.9606476386634806,Cyclone_cone_draft,3.3535407165346944
2017-10-27 20:30:00,2017-10-27 20:50:00,20.0,2,5,-0.6077336062962215,Cyclone_Inlet_Gas_Temp,2.1403300440259554,Cyclone_Outlet_Gas_draft,2.119807503555073,Cyclone_Inlet_Draft,2.026336443133272
2020-01-27 10:20:00,2020-01-27 10:40:00,20.0,2,4,-0.609121890663939,Cyclone_Inlet_Draft,4.11851643419305,Cyclone_Outlet_Gas_draft,3.2460939733056247,Cyclone_cone_draft,2.427517332338711
2018-07-26 12:30:00,2018-07-26 12:50:00,20.0,2,3,-0.5996825131890707,Cyclone_Inlet_Gas_Temp,4.394495538541686,Cyclone_Gas_Outlet_Temp,2.2508096890736438,Cyclone_Material_Temp,1.7581334590583768
2018-06-19 20:00:00,2018-06-19 20:20:00,20.0,2,5,-0.6110067625062386,Cyclone_Inlet_Draft,3.478774230260816,Cyclone_Outlet_Gas_draft,2.9591993158770316,Cyclone_cone_draft,2.5547710886937924
2018-05-09 09:30:00,2018-05-09 09:50:00,20.0,2,4,-0.6104308503272414,Cyclone_cone_draft,4.774086713213096,Cyclone_Gas_Outlet_Temp,3.0841428559736497,Cyclone_Inlet_Draft,1.4481439001176948
2018-04-27 03:55:00,2018-04-27 04:15:00,20.0,2,5,-0.6269514712807389,Cyclone_Gas_Outlet_Temp,3.8745754788546636,Cyclone_Inlet_Gas_Temp,3.3831510540850345,Cyclone_Material_Temp,2.8545467445365036
2017-12-13 00:00:00,2017-12-13 00:20:00,20.0,0,5,-0.6638396343817733,Cyclone_Outlet_Gas_draft,4.381815892437683,Cyclone_Inlet_Draft,4.114519869021444,Cyclone_cone_draft,3.426829252670033
2019-04-16 15:30:00,2019-04-16 15:50:00,20.0,2,4,-0.6603207228085649,Cyclone_cone_draft,3.4304285809806414,Cyclone_Inlet_Draft,3.07451264913937,Cyclone_Outlet_Gas_draft,2.589256741871014
2018-05-08 07:20:00,2018-05-08 07:40:00,20.0,2,3,-0.6296871483052181,Cyclone_cone_draft,3.3032134075275175,Cyclone_Inlet_Draft,2.6047177264865233,Cyclone_Outlet_Gas_draft,2.3470379183528736
2018-07-16 09:55:00,2018-07-16 10:15:00,20.0,2,3,-0.6400082413898581,Cyclone_Inlet_Gas_Temp,4.139501882527352,Cyclone_Inlet_Draft,2.361916763519947,Cyclone_Outlet_Gas_draft,2.0909560956428805
2018-06-19 21:05:00,2018-06-19 21:25:00,20.0,2,4,-0.6227180262016037,Cyclone_Inlet_Draft,3.3485231750858255,Cyclone_Outlet_Gas_draft,2.9950947643379986,Cyclone_cone_draft,2.5337962262838785
2017-12-09 23:50:00,2017-12-10 00:10:00,20.0,2,3,-0.5953128003917372,Cyclone_Outlet_Gas_draft,2.5823508197643728,Cyclone_Inlet_Draft,2.500371282657467,Cyclone_Material_Temp,1.7387961541412988
2019-05-14 04:00:00,2019-05-14 04:20:00,20.0,2,5,-0.6656709367336855,Cyclone_Inlet_Draft,4.506303591470506,Cyclone_cone_draft,4.338369530399529,Cyclone_Outlet_Gas_draft,4.307787784862048
2017-11-28 16:15:00,2017-11-28 16:30:00,15.0,1,4,-0.6776796433767837,Cyclone_cone_draft,5.3509761560904545,Cyclone_Inlet_Draft,5.262821869604276,Cyclone_Outlet_Gas_draft,4.325018639195728
2020-06-30 15:15:00,2020-06-30 15:30:00,15.0,2,3,-0.6118680713433234,Cyclone_Inlet_Draft,3.297192632619963,Cyclone_Outlet_Gas_draft,2.823093455529172,Cyclone_cone_draft,2.6841374486240683
2018-10-18 16:35:00,2018-10-18 16:50:00,15.0,0,3,-0.6642917434521262,Cyclone_Outlet_Gas_draft,4.942012301574241,Cyclone_Inlet_Draft,4.768947510639372,Cyclone_cone_draft,3.98151665819651
2017-03-23 06:40:00,2017-03-23 06:55:00,15.0,4,4,-0.6545113699544651,Cyclone_cone_draft,5.5392631328270285,Cyclone_Inlet_Draft,3.8851472782491343,Cyclone_Outlet_Gas_draft,3.8675794746977394
2017-11-16 19:15:00,2017-11-16 19:30:00,15.0,0,3,-0.6391391122532161,Cyclone_Inlet_Draft,4.654521243355549,Cyclone_Outlet_Gas_draft,3.3147787983561696,Cyclone_Inlet_Gas_Temp,3.3042113565501765
2017-01-19 09:30:00,2017-01-19 09:45:00,15.0,0,4,-0.6583841156646155,Cyclone_Material_Temp,10.066114008343526,Cyclone_Inlet_Draft,2.3172832643715293,Cyclone_Outlet_Gas_draft,2.058730002309521
2018-05-25 21:50:00,2018-05-25 22:05:00,15.0,2,3,-0.6408401384058321,Cyclone_Inlet_Gas_Temp,2.9454411612122002,Cyclone_Inlet_Draft,2.794199632715302,Cyclone_Outlet_Gas_draft,2.6131534234872595
2018-07-21 07:00:00,2018-07-21 07:15:00,15.0,2,4,-0.6000451233471951,Cyclone_Inlet_Gas_Temp,3.616367092200741,Cyclone_Gas_Outlet_Temp,2.4385617023540878,Cyclone_Material_Temp,1.5270614117963226
2018-07-14 01:30:00,2018-07-14 01:45:00,15.0,0,4,-0.680965265907627,Cyclone_Inlet_Gas_Temp,5.404974111741957,Cyclone_Gas_Outlet_Temp,3.319195912241477,Cyclone_Inlet_Draft,2.933564276514712
2020-07-21 03:50:00,2020-07-21 04:05:00,15.0,2,4,-0.600764091127689,Cyclone_Inlet_Draft,2.886277954595464,Cyclone_Outlet_Gas_draft,2.616580807051295,Cyclone_cone_draft,2.499388691603108
2020-02-14 14:25:00,2020-02-14 14:40:00,15.0,2,4,-0.6122277019611551,Cyclone_Inlet_Draft,3.007813250605663,Cyclone_Outlet_Gas_draft,2.6630039501015,Cyclone_Material_Temp,2.204280575879235
2017-09-12 07:05:00,2017-09-12 07:20:00,15.0,2,4,-0.6312138412711632,Cyclone_Material_Temp,17.01686336065593,Cyclone_Outlet_Gas_draft,1.8071994295277536,Cyclone_Inlet_Gas_Temp,1.7040128371803438
2017-10-23 14:10:00,2017-10-23 14:25:00,15.0,2,3,-0.6234385902378828,Cyclone_Inlet_Gas_Temp,2.877748503719237,Cyclone_Outlet_Gas_draft,2.0528967915884992,Cyclone_Material_Temp,1.7244682004720129
2018-06-28 11:35:00,2018-06-28 11:50:00,15.0,0,4,-0.6527422805109482,Cyclone_Inlet_Gas_Temp,4.767273658285014,Cyclone_Inlet_Draft,3.5522559995184717,Cyclone_Outlet_Gas_draft,3.358739437132323
2017-12-09 22:50:00,2017-12-09 23:05:00,15.0,2,4,-0.6065561460442226,Cyclone_Outlet_Gas_draft,2.649108066795244,Cyclone_Inlet_Draft,2.590292572107054,Cyclone_Material_Temp,1.868528568431071
2018-03-16 05:55:00,2018-03-16 06:10:00,15.0,2,3,-0.6371924364283229,Cyclone_Gas_Outlet_Temp,4.79118790199465,Cyclone_Inlet_Gas_Temp,2.8778833496504976,Cyclone_cone_draft,1.7965509269576825
2018-05-12 10:15:00,2018-05-12 10:30:00,15.0,0,4,-0.6459923166624979,Cyclone_Material_Temp,9.883720080042355,Cyclone_Inlet_Draft,1.698788835716611,Cyclone_Outlet_Gas_draft,1.5315332664117534
2018-09-19 16:40:00,2018-09-19 16:50:00,10.0,2,3,-0.6192721373374567,Cyclone_cone_draft,3.448572384407562,Cyclone_Inlet_Gas_Temp,2.9818465932913165,Cyclone_Material_Temp,1.526128654861284
2020-03-07 15:00:00,2020-03-07 15:10:00,10.0,2,3,-0.604286149427975,Cyclone_Material_Temp,6.416564185733157,Cyclone_Outlet_Gas_draft,2.3508306933920053,Cyclone_Inlet_Draft,2.254402266963956
2018-11-04 19:15:00,2018-11-04 19:25:00,10.0,1,3,-0.6662004016593155,Cyclone_Outlet_Gas_draft,5.547127391223725,Cyclone_Inlet_Draft,4.49944458208877,Cyclone_Gas_Outlet_Temp,1.9091761901464572
2018-12-09 13:15:00,2018-12-09 13:25:00,10.0,2,3,-0.6363837637212498,Cyclone_Inlet_Draft,3.973354803686237,Cyclone_Outlet_Gas_draft,3.5751666438066283,Cyclone_cone_draft,2.962443582244886
2018-05-01 16:35:00,2018-05-01 16:45:00,10.0,2,3,-0.6293209371793909,Cyclone_Inlet_Draft,3.027091639298452,Cyclone_Outlet_Gas_draft,2.801703367862743,Cyclone_cone_draft,2.544197630834656
2018-04-29 01:35:00,2018-04-29 01:45:00,10.0,2,3,-0.5991911241495944,Cyclone_Gas_Outlet_Temp,5.810438327694939,Cyclone_Inlet_Gas_Temp,2.4041695931310025,Cyclone_Material_Temp,1.7032472981724378
2018-05-22 00:25:00,2018-05-22 00:35:00,10.0,0,3,-0.6965903848276337,Cyclone_Inlet_Draft,5.378742562610052,Cyclone_Outlet_Gas_draft,5.102694797200906,Cyclone_cone_draft,4.339410772248468
2018-06-18 12:05:00,2018-06-18 12:15:00,10.0,2,3,-0.6040456437988247,Cyclone_cone_draft,2.6690176124349687,Cyclone_Outlet_Gas_draft,2.5694670717904287,Cyclone_Inlet_Draft,1.9935361573913173
2019-04-19 06:40:00,2019-04-19 06:50:00,10.0,2,3,-0.6366814793270836,Cyclone_Material_Temp,16.584389231384005,Cyclone_Inlet_Gas_Temp,2.795222793787576,Cyclone_Gas_Outlet_Temp,1.3181027235789466
2018-07-10 16:45:00,2018-07-10 16:55:00,10.0,2,3,-0.647825724431477,Cyclone_Inlet_Gas_Temp,3.202592352126711,Cyclone_Inlet_Draft,2.8190728242748944,Cyclone_Gas_Outlet_Temp,2.815883423939687
2018-07-30 03:00:00,2018-07-30 03:10:00,10.0,0,3,-0.6727559499191402,Cyclone_Outlet_Gas_draft,4.6451238767780145,Cyclone_Inlet_Draft,4.5860778725013285,Cyclone_cone_draft,3.9165651777591073
2018-07-21 23:15:00,2018-07-21 23:25:00,10.0,2,3,-0.6029726184361145,Cyclone_Inlet_Gas_Temp,6.249975552691481,Cyclone_Gas_Outlet_Temp,3.5595501068645805,Cyclone_Material_Temp,1.2642890043089703
2018-08-21 12:50:00,2018-08-21 13:00:00,10.0,0,3,-0.6475935627524582,Cyclone_Inlet_Draft,3.398745375789596,Cyclone_Outlet_Gas_draft,3.315641310223144,Cyclone_cone_draft,2.6303143541717326
2017-12-29 07:20:00,2017-12-29 07:30:00,10.0,2,3,-0.6705366252579755,Cyclone_Inlet_Draft,4.394785014809789,Cyclone_Inlet_Gas_Temp,3.869405482211794,Cyclone_Outlet_Gas_draft,3.7786611485490074
2019-07-19 16:20:00,2019-07-19 16:30:00,10.0,0,3,-0.6576527501303239,Cyclone_Outlet_Gas_draft,4.44587758220095,Cyclone_Inlet_Draft,4.304369089079633,Cyclone_cone_draft,3.98997709526841
2018-04-28 22:35:00,2018-04-28 22:45:00,10.0,2,3,-0.6207275219655468,Cyclone_Gas_Outlet_Temp,5.856816022111801,Cyclone_Inlet_Gas_Temp,2.5264748527846304,Cyclone_Material_Temp,1.5359689510331804
2018-04-28 18:10:00,2018-04-28 18:20:00,10.0,2,3,-0.6174595697113975,Cyclone_Gas_Outlet_Temp,5.89373464339037,Cyclone_Inlet_Gas_Temp,2.430734241589396,Cyclone_Material_Temp,2.120460716840036
2018-03-19 10:50:00,2018-03-19 11:00:00,10.0,2,3,-0.6032388093163664,Cyclone_Gas_Outlet_Temp,8.183959784426463,Cyclone_Inlet_Gas_Temp,2.9698482747704213,Cyclone_Material_Temp,1.0840423279866436
2017-07-23 03:25:00,2017-07-23 03:35:00,10.0,2,3,-0.6076893604631812,Cyclone_Material_Temp,18.114652074986807,Cyclone_Inlet_Gas_Temp,1.203905958977851,Cyclone_Gas_Outlet_Temp,0.7827474199906801
2019-11-06 05:55:00,2019-11-06 06:05:00,10.0,2,3,-0.6027283757747144,Cyclone_Inlet_Gas_Temp,2.573937651227134,Cyclone_Inlet_Draft,2.4229204256026144,Cyclone_Outlet_Gas_draft,2.0316236271294503
