start,end,duration_hours,duration_minutes
2017-05-20 07:50:00,2017-05-20 09:15:00,1.4166666666666667,85.0
2017-05-21 05:35:00,2017-05-21 11:50:00,6.25,375.0
2017-05-21 11:55:00,2017-05-23 15:35:00,51.666666666666664,3100.0
2017-05-23 15:40:00,2017-05-24 02:20:00,10.666666666666666,640.0
2017-05-24 02:25:00,2017-05-25 16:50:00,38.416666666666664,2305.0
2017-05-25 16:55:00,2017-05-26 10:20:00,17.416666666666668,1045.0
2017-05-26 10:25:00,2017-05-28 14:20:00,51.916666666666664,3115.0
2017-05-28 14:25:00,2017-05-29 20:15:00,29.833333333333332,1790.0
2017-09-20 08:30:00,2017-09-20 15:55:00,7.416666666666667,445.0
2017-09-20 16:00:00,2017-09-21 00:10:00,8.166666666666666,490.0
2017-09-21 02:40:00,2017-09-23 17:55:00,63.25,3795.0
2017-09-23 18:00:00,2017-09-26 10:00:00,64.0,3840.0
2017-09-26 10:05:00,2017-09-28 17:25:00,55.333333333333336,3320.0
2017-09-28 17:35:00,2017-09-28 18:10:00,0.5833333333333334,35.0
2017-09-28 23:30:00,2017-09-29 00:00:00,0.5,30.0
2017-09-29 04:55:00,2017-09-29 15:00:00,10.083333333333334,605.0
2017-09-29 15:05:00,2017-09-29 20:45:00,5.666666666666667,340.0
2017-09-30 05:25:00,2017-09-30 06:00:00,0.5833333333333334,35.0
2017-09-30 09:55:00,2017-09-30 13:50:00,3.9166666666666665,235.0
2017-09-30 14:05:00,2017-10-01 22:55:00,32.833333333333336,1970.0
2017-10-02 01:15:00,2017-10-02 01:45:00,0.5,30.0
2017-10-02 01:55:00,2017-10-02 02:25:00,0.5,30.0
2017-10-02 07:30:00,2017-10-02 08:00:00,0.5,30.0
2017-10-02 11:25:00,2017-10-03 06:25:00,19.0,1140.0
2017-10-03 06:30:00,2017-10-03 12:30:00,6.0,360.0
2017-10-05 14:50:00,2017-10-05 17:35:00,2.75,165.0
2017-10-05 17:40:00,2017-10-05 19:05:00,1.4166666666666667,85.0
2017-10-05 19:10:00,2017-10-06 07:00:00,11.833333333333334,710.0
2017-10-06 08:30:00,2017-10-06 15:30:00,7.0,420.0
2017-10-06 15:35:00,2017-10-07 01:25:00,9.833333333333334,590.0
2017-10-07 02:35:00,2017-10-07 03:20:00,0.75,45.0
2017-10-07 03:40:00,2017-10-07 11:10:00,7.5,450.0
2017-10-07 13:55:00,2017-10-07 14:25:00,0.5,30.0
2017-10-07 14:30:00,2017-10-09 00:15:00,33.75,2025.0
2017-10-09 01:35:00,2017-10-09 02:10:00,0.5833333333333334,35.0
2017-10-09 03:15:00,2017-10-09 03:45:00,0.5,30.0
2017-10-09 03:50:00,2017-10-09 05:10:00,1.3333333333333333,80.0
2017-10-09 05:15:00,2017-10-09 07:35:00,2.3333333333333335,140.0
2017-10-09 07:55:00,2017-10-11 21:45:00,61.833333333333336,3710.0
2017-10-12 00:20:00,2017-10-12 17:25:00,17.083333333333332,1025.0
2017-10-12 22:40:00,2017-10-13 11:35:00,12.916666666666666,775.0
2017-10-13 11:40:00,2017-10-13 15:15:00,3.5833333333333335,215.0
2017-10-13 16:55:00,2017-10-13 17:55:00,1.0,60.0
2017-10-13 19:05:00,2017-10-13 20:00:00,0.9166666666666666,55.0
2017-10-13 22:00:00,2017-10-13 23:40:00,1.6666666666666667,100.0
2017-10-14 01:05:00,2017-10-14 01:55:00,0.8333333333333334,50.0
2017-10-14 02:10:00,2017-10-14 03:25:00,1.25,75.0
2017-10-14 04:40:00,2017-10-14 14:15:00,9.583333333333334,575.0
2017-10-14 14:20:00,2017-10-14 16:00:00,1.6666666666666667,100.0
2017-10-14 16:05:00,2017-10-15 08:45:00,16.666666666666668,1000.0
2017-10-15 08:50:00,2017-10-15 09:30:00,0.6666666666666666,40.0
2017-10-15 09:35:00,2017-10-15 10:30:00,0.9166666666666666,55.0
2017-10-15 10:35:00,2017-10-15 11:10:00,0.5833333333333334,35.0
2017-10-15 11:50:00,2017-10-15 12:25:00,0.5833333333333334,35.0
2017-10-15 12:30:00,2017-10-15 14:05:00,1.5833333333333333,95.0
2017-10-15 14:10:00,2017-10-15 20:20:00,6.166666666666667,370.0
2017-10-15 20:25:00,2017-10-16 00:15:00,3.8333333333333335,230.0
2017-10-16 00:20:00,2017-10-16 14:50:00,14.5,870.0
2017-10-16 14:55:00,2017-10-17 07:15:00,16.333333333333332,980.0
2017-10-17 07:20:00,2017-10-17 15:50:00,8.5,510.0
2017-10-17 16:30:00,2017-10-17 17:10:00,0.6666666666666666,40.0
2017-11-29 00:10:00,2017-12-05 06:30:00,150.33333333333334,9020.0
2017-12-05 20:20:00,2017-12-07 04:20:00,32.0,1920.0
2018-07-06 04:40:00,2018-07-07 16:40:00,36.0,2160.0
2018-07-07 16:45:00,2018-07-08 10:00:00,17.25,1035.0
2018-07-08 10:05:00,2018-07-08 13:10:00,3.0833333333333335,185.0
2018-07-08 13:15:00,2018-07-08 14:15:00,1.0,60.0
2018-08-30 10:30:00,2018-08-31 10:35:00,24.083333333333332,1445.0
2018-08-31 10:40:00,2018-08-31 11:45:00,1.0833333333333333,65.0
2018-08-31 11:55:00,2018-08-31 14:10:00,2.25,135.0
2018-08-31 14:15:00,2018-08-31 19:50:00,5.583333333333333,335.0
2018-08-31 19:55:00,2018-09-01 22:20:00,26.416666666666668,1585.0
2018-09-16 19:20:00,2018-09-16 20:45:00,1.4166666666666667,85.0
2018-09-16 21:25:00,2018-09-16 22:25:00,1.0,60.0
2018-09-16 23:10:00,2018-09-16 23:40:00,0.5,30.0
2018-09-27 05:05:00,2018-09-27 09:40:00,4.583333333333333,275.0
2018-09-27 10:40:00,2018-09-27 11:40:00,1.0,60.0
2018-09-27 19:25:00,2018-09-27 21:45:00,2.3333333333333335,140.0
2018-09-28 04:00:00,2018-09-28 08:00:00,4.0,240.0
2018-09-29 02:05:00,2018-09-29 03:00:00,0.9166666666666666,55.0
2018-09-29 03:05:00,2018-09-29 07:20:00,4.25,255.0
2018-09-29 07:25:00,2018-09-29 08:00:00,0.5833333333333334,35.0
2018-09-29 08:25:00,2018-09-29 09:20:00,0.9166666666666666,55.0
2018-09-29 09:55:00,2018-09-29 12:25:00,2.5,150.0
2018-09-29 12:30:00,2018-09-29 14:55:00,2.4166666666666665,145.0
2018-09-29 15:00:00,2018-09-30 13:45:00,22.75,1365.0
2018-09-30 13:50:00,2018-09-30 15:55:00,2.0833333333333335,125.0
2018-09-30 16:05:00,2018-09-30 16:45:00,0.6666666666666666,40.0
2018-09-30 16:50:00,2018-09-30 17:50:00,1.0,60.0
2018-09-30 18:20:00,2018-09-30 18:55:00,0.5833333333333334,35.0
2018-09-30 19:00:00,2018-10-01 13:20:00,18.333333333333332,1100.0
2018-10-01 13:25:00,2018-10-01 15:05:00,1.6666666666666667,100.0
2018-10-01 15:15:00,2018-10-01 16:20:00,1.0833333333333333,65.0
2018-10-01 16:25:00,2018-10-01 17:15:00,0.8333333333333334,50.0
2018-10-01 17:20:00,2018-10-01 21:40:00,4.333333333333333,260.0
2018-10-01 21:45:00,2018-10-02 00:05:00,2.3333333333333335,140.0
2018-10-02 00:10:00,2018-10-02 08:50:00,8.666666666666666,520.0
2018-10-02 08:55:00,2018-10-02 11:55:00,3.0,180.0
2018-10-02 12:00:00,2018-10-02 12:50:00,0.8333333333333334,50.0
2018-10-02 12:55:00,2018-10-02 13:45:00,0.8333333333333334,50.0
2018-10-02 15:50:00,2018-10-02 16:20:00,0.5,30.0
2018-10-02 19:25:00,2018-10-02 21:35:00,2.1666666666666665,130.0
2018-10-02 21:40:00,2018-10-02 23:20:00,1.6666666666666667,100.0
2018-10-03 00:25:00,2018-10-03 02:25:00,2.0,120.0
2018-10-03 02:55:00,2018-10-03 05:55:00,3.0,180.0
2018-10-03 06:00:00,2018-10-03 06:50:00,0.8333333333333334,50.0
2018-10-03 06:55:00,2018-10-03 08:00:00,1.0833333333333333,65.0
2018-10-03 14:10:00,2018-10-04 10:00:00,19.833333333333332,1190.0
2018-10-04 10:05:00,2018-10-04 10:40:00,0.5833333333333334,35.0
2018-10-04 10:45:00,2018-10-04 12:10:00,1.4166666666666667,85.0
2018-10-04 12:15:00,2018-10-04 20:50:00,8.583333333333334,515.0
2018-10-04 20:55:00,2018-10-04 22:30:00,1.5833333333333333,95.0
2018-10-04 23:05:00,2018-10-05 19:10:00,20.083333333333332,1205.0
2018-10-05 19:25:00,2018-10-06 00:35:00,5.166666666666667,310.0
2018-10-06 00:40:00,2018-10-07 14:30:00,37.833333333333336,2270.0
2018-10-07 14:55:00,2018-10-07 17:40:00,2.75,165.0
2018-10-07 18:05:00,2018-10-07 21:30:00,3.4166666666666665,205.0
2018-10-07 21:35:00,2018-10-07 22:30:00,0.9166666666666666,55.0
2018-10-07 22:50:00,2018-10-07 23:45:00,0.9166666666666666,55.0
2018-10-07 23:50:00,2018-10-08 12:20:00,12.5,750.0
2018-10-08 12:25:00,2018-10-09 07:00:00,18.583333333333332,1115.0
2018-10-09 07:05:00,2018-10-09 12:25:00,5.333333333333333,320.0
2018-10-09 12:55:00,2018-10-09 13:35:00,0.6666666666666666,40.0
2018-10-09 13:40:00,2018-10-12 11:50:00,70.16666666666667,4210.0
2018-10-12 12:00:00,2018-10-13 09:10:00,21.166666666666668,1270.0
2018-10-13 09:15:00,2018-10-13 11:40:00,2.4166666666666665,145.0
2018-10-13 11:45:00,2018-10-14 15:50:00,28.083333333333332,1685.0
2018-10-14 15:55:00,2018-10-15 05:25:00,13.5,810.0
2018-10-15 05:30:00,2018-10-15 22:45:00,17.25,1035.0
2018-10-15 22:50:00,2018-10-16 00:00:00,1.1666666666666667,70.0
2018-10-16 00:05:00,2018-10-16 08:15:00,8.166666666666666,490.0
2019-03-10 16:20:00,2019-03-10 19:10:00,2.8333333333333335,170.0
2019-03-11 01:05:00,2019-03-14 21:05:00,92.0,5520.0
2019-03-14 21:10:00,2019-03-16 22:15:00,49.083333333333336,2945.0
2019-05-06 18:00:00,2019-05-06 20:15:00,2.25,135.0
2019-05-06 21:20:00,2019-05-07 04:45:00,7.416666666666667,445.0
2019-05-07 04:50:00,2019-05-07 08:35:00,3.75,225.0
2019-05-07 08:40:00,2019-05-07 13:35:00,4.916666666666667,295.0
2019-05-07 13:40:00,2019-05-07 21:15:00,7.583333333333333,455.0
2019-05-07 21:30:00,2019-05-07 22:00:00,0.5,30.0
2019-05-07 22:20:00,2019-05-09 19:25:00,45.083333333333336,2705.0
2019-05-09 20:15:00,2019-05-09 20:55:00,0.6666666666666666,40.0
2019-05-09 21:25:00,2019-05-09 21:55:00,0.5,30.0
2019-05-09 22:00:00,2019-05-12 02:35:00,52.583333333333336,3155.0
2019-05-12 02:40:00,2019-05-13 04:20:00,25.666666666666668,1540.0
2019-06-04 20:45:00,2019-06-05 11:20:00,14.583333333333334,875.0
2019-06-05 11:25:00,2019-06-05 14:30:00,3.0833333333333335,185.0
2019-06-05 14:40:00,2019-06-05 16:10:00,1.5,90.0
2019-06-05 16:15:00,2019-06-05 20:10:00,3.9166666666666665,235.0
2019-06-05 20:15:00,2019-06-05 21:30:00,1.25,75.0
2019-06-05 21:35:00,2019-06-06 00:55:00,3.3333333333333335,200.0
2019-06-06 01:25:00,2019-06-06 02:15:00,0.8333333333333334,50.0
2019-06-06 02:30:00,2019-06-06 08:55:00,6.416666666666667,385.0
2019-06-06 09:45:00,2019-06-06 10:25:00,0.6666666666666666,40.0
2019-06-06 10:30:00,2019-06-06 11:50:00,1.3333333333333333,80.0
2019-06-06 11:55:00,2019-06-06 12:30:00,0.5833333333333334,35.0
2019-06-06 14:15:00,2019-06-06 15:40:00,1.4166666666666667,85.0
2019-06-06 15:45:00,2019-06-06 19:40:00,3.9166666666666665,235.0
2019-06-06 19:45:00,2019-06-07 01:20:00,5.583333333333333,335.0
2019-06-07 01:25:00,2019-06-07 08:15:00,6.833333333333333,410.0
2019-06-07 08:20:00,2019-06-07 10:10:00,1.8333333333333333,110.0
2019-06-07 11:00:00,2019-06-07 11:40:00,0.6666666666666666,40.0
2019-06-07 11:45:00,2019-06-07 19:10:00,7.416666666666667,445.0
2019-06-07 19:15:00,2019-06-08 15:55:00,20.666666666666668,1240.0
2019-06-08 16:00:00,2019-06-08 21:25:00,5.416666666666667,325.0
2019-06-08 21:30:00,2019-06-09 00:55:00,3.4166666666666665,205.0
2019-06-09 01:00:00,2019-06-09 09:50:00,8.833333333333334,530.0
2019-06-09 09:55:00,2019-06-09 12:25:00,2.5,150.0
2019-06-09 13:05:00,2019-06-09 13:45:00,0.6666666666666666,40.0
2019-06-09 14:00:00,2019-06-09 15:30:00,1.5,90.0
2019-06-09 15:35:00,2019-06-10 13:40:00,22.083333333333332,1325.0
2019-06-10 16:30:00,2019-06-10 23:45:00,7.25,435.0
2019-06-10 23:50:00,2019-06-11 01:55:00,2.0833333333333335,125.0
2019-06-11 02:00:00,2019-06-11 02:55:00,0.9166666666666666,55.0
2019-06-11 03:40:00,2019-06-11 05:35:00,1.9166666666666667,115.0
2019-06-11 06:15:00,2019-06-11 06:55:00,0.6666666666666666,40.0
2019-06-11 07:05:00,2019-06-11 22:00:00,14.916666666666666,895.0
2019-06-11 23:15:00,2019-06-12 03:20:00,4.083333333333333,245.0
2019-06-12 04:05:00,2019-06-14 22:55:00,66.83333333333333,4010.0
2019-06-14 23:00:00,2019-06-15 01:20:00,2.3333333333333335,140.0
2019-06-15 01:25:00,2019-06-15 02:45:00,1.3333333333333333,80.0
2019-06-15 02:50:00,2019-06-15 13:40:00,10.833333333333334,650.0
2019-06-15 15:35:00,2019-06-15 16:30:00,0.9166666666666666,55.0
2019-06-15 17:00:00,2019-06-15 21:05:00,4.083333333333333,245.0
2019-06-15 21:10:00,2019-06-15 22:25:00,1.25,75.0
2019-06-15 22:30:00,2019-06-16 13:15:00,14.75,885.0
2019-06-16 13:20:00,2019-06-16 14:00:00,0.6666666666666666,40.0
2019-06-16 14:40:00,2019-06-17 15:15:00,24.583333333333332,1475.0
2019-06-17 15:35:00,2019-06-17 16:30:00,0.9166666666666666,55.0
2019-06-17 16:35:00,2019-06-17 17:15:00,0.6666666666666666,40.0
2019-06-17 17:55:00,2019-06-17 20:30:00,2.5833333333333335,155.0
2019-06-17 21:05:00,2019-06-17 21:55:00,0.8333333333333334,50.0
2019-06-17 22:00:00,2019-06-18 00:10:00,2.1666666666666665,130.0
2019-06-18 00:15:00,2019-06-18 00:55:00,0.6666666666666666,40.0
2019-06-18 01:00:00,2019-06-18 12:00:00,11.0,660.0
2019-06-18 12:05:00,2019-06-18 13:00:00,0.9166666666666666,55.0
2019-06-18 13:05:00,2019-06-18 14:15:00,1.1666666666666667,70.0
2019-06-18 14:20:00,2019-06-19 03:30:00,13.166666666666666,790.0
2019-06-19 03:40:00,2019-06-20 22:40:00,43.0,2580.0
2019-09-27 16:50:00,2019-09-28 19:15:00,26.416666666666668,1585.0
2019-09-28 19:45:00,2019-09-28 20:20:00,0.5833333333333334,35.0
2019-09-28 20:40:00,2019-09-28 22:05:00,1.4166666666666667,85.0
2019-09-28 22:10:00,2019-09-28 23:40:00,1.5,90.0
2019-09-28 23:45:00,2019-09-29 00:25:00,0.6666666666666666,40.0
2019-09-29 00:30:00,2019-09-29 02:55:00,2.4166666666666665,145.0
2019-09-29 03:00:00,2019-09-29 03:35:00,0.5833333333333334,35.0
2019-09-29 03:40:00,2019-09-29 04:10:00,0.5,30.0
2019-09-29 04:20:00,2019-09-29 07:40:00,3.3333333333333335,200.0
2019-09-29 08:15:00,2019-09-29 10:20:00,2.0833333333333335,125.0
2019-09-29 10:45:00,2019-09-29 11:15:00,0.5,30.0
2019-09-29 11:20:00,2019-09-29 11:55:00,0.5833333333333334,35.0
2019-09-29 12:20:00,2019-09-30 14:45:00,26.416666666666668,1585.0
2019-09-30 14:50:00,2019-09-30 15:35:00,0.75,45.0
2019-09-30 15:40:00,2019-10-01 15:45:00,24.083333333333332,1445.0
2019-10-01 15:50:00,2019-10-03 13:00:00,45.166666666666664,2710.0
2019-10-03 13:10:00,2019-10-03 23:45:00,10.583333333333334,635.0
2019-10-04 00:15:00,2019-10-04 00:45:00,0.5,30.0
2019-10-04 00:50:00,2019-10-04 01:20:00,0.5,30.0
2019-10-04 02:05:00,2019-10-04 02:45:00,0.6666666666666666,40.0
2019-10-04 03:00:00,2019-10-04 12:20:00,9.333333333333334,560.0
2019-10-04 12:45:00,2019-10-04 14:35:00,1.8333333333333333,110.0
2019-10-04 14:40:00,2019-10-04 20:50:00,6.166666666666667,370.0
2019-10-04 20:55:00,2019-10-05 01:50:00,4.916666666666667,295.0
2019-10-05 01:55:00,2019-10-05 02:40:00,0.75,45.0
2019-10-05 02:55:00,2019-10-05 04:15:00,1.3333333333333333,80.0
2019-10-05 04:20:00,2019-10-05 06:50:00,2.5,150.0
2019-10-05 06:55:00,2019-10-05 07:40:00,0.75,45.0
2019-10-05 07:45:00,2019-10-05 09:50:00,2.0833333333333335,125.0
2019-10-05 09:55:00,2019-10-08 18:35:00,80.66666666666667,4840.0
2019-10-08 18:40:00,2019-10-13 14:30:00,115.83333333333333,6950.0
2019-10-13 14:45:00,2019-10-13 19:35:00,4.833333333333333,290.0
2019-10-13 19:40:00,2019-10-13 22:50:00,3.1666666666666665,190.0
2019-10-14 01:35:00,2019-10-14 19:05:00,17.5,1050.0
2019-10-14 19:10:00,2019-10-15 06:15:00,11.083333333333334,665.0
2019-10-15 06:25:00,2019-10-16 03:10:00,20.75,1245.0
2019-10-16 03:15:00,2019-10-17 12:20:00,33.083333333333336,1985.0
2019-10-17 12:35:00,2019-10-17 13:55:00,1.3333333333333333,80.0
2019-10-17 14:00:00,2019-10-17 16:05:00,2.0833333333333335,125.0
2019-10-17 16:30:00,2019-10-17 17:05:00,0.5833333333333334,35.0
2019-10-17 17:35:00,2019-10-17 18:05:00,0.5,30.0
2019-10-17 18:40:00,2019-10-17 19:30:00,0.8333333333333334,50.0
2019-10-17 19:50:00,2019-10-17 21:00:00,1.1666666666666667,70.0
2019-10-17 21:25:00,2019-10-17 22:40:00,1.25,75.0
2019-10-17 22:45:00,2019-10-17 23:20:00,0.5833333333333334,35.0
2019-10-17 23:30:00,2019-10-18 03:15:00,3.75,225.0
2019-10-18 03:20:00,2019-10-18 09:00:00,5.666666666666667,340.0
2019-10-18 13:05:00,2019-10-18 13:35:00,0.5,30.0
2019-10-18 13:40:00,2019-10-18 14:40:00,1.0,60.0
2019-10-18 14:45:00,2019-10-18 17:00:00,2.25,135.0
2019-10-18 17:55:00,2019-10-18 18:35:00,0.6666666666666666,40.0
2019-10-18 19:25:00,2019-10-18 20:50:00,1.4166666666666667,85.0
2019-10-18 20:55:00,2019-10-18 21:25:00,0.5,30.0
2019-10-18 21:30:00,2019-10-18 22:25:00,0.9166666666666666,55.0
2019-10-18 22:30:00,2019-10-18 23:25:00,0.9166666666666666,55.0
2019-10-18 23:40:00,2019-10-19 01:50:00,2.1666666666666665,130.0
2019-10-19 02:05:00,2019-10-19 02:35:00,0.5,30.0
2019-10-19 02:40:00,2019-10-19 03:15:00,0.5833333333333334,35.0
2019-10-19 04:45:00,2019-10-19 05:30:00,0.75,45.0
2019-10-19 05:40:00,2019-10-19 06:40:00,1.0,60.0
2019-10-19 07:15:00,2019-10-19 08:50:00,1.5833333333333333,95.0
2019-10-19 09:25:00,2019-10-19 14:50:00,5.416666666666667,325.0
2019-10-19 15:45:00,2019-10-19 17:55:00,2.1666666666666665,130.0
2019-10-19 18:10:00,2019-10-19 18:45:00,0.5833333333333334,35.0
2019-10-19 18:50:00,2019-10-19 21:25:00,2.5833333333333335,155.0
2019-10-19 21:30:00,2019-10-20 05:10:00,7.666666666666667,460.0
2019-10-20 05:15:00,2019-10-20 06:40:00,1.4166666666666667,85.0
2019-10-20 06:45:00,2019-10-20 11:25:00,4.666666666666667,280.0
2019-10-20 11:30:00,2019-10-20 14:20:00,2.8333333333333335,170.0
2019-10-20 14:25:00,2019-10-20 15:45:00,1.3333333333333333,80.0
2019-10-20 15:50:00,2019-10-20 17:30:00,1.6666666666666667,100.0
2019-10-20 17:35:00,2019-10-20 18:45:00,1.1666666666666667,70.0
2019-10-20 18:50:00,2019-10-20 19:25:00,0.5833333333333334,35.0
2019-10-20 20:25:00,2019-10-20 20:55:00,0.5,30.0
2019-10-20 21:00:00,2019-10-20 21:35:00,0.5833333333333334,35.0
2019-10-20 21:50:00,2019-10-21 12:30:00,14.666666666666666,880.0
2019-10-21 12:35:00,2019-10-21 14:10:00,1.5833333333333333,95.0
2019-10-21 14:15:00,2019-10-21 19:40:00,5.416666666666667,325.0
2019-10-21 19:45:00,2019-10-22 00:00:00,4.25,255.0
2019-10-22 00:05:00,2019-10-22 03:35:00,3.5,210.0
2019-10-22 03:40:00,2019-10-22 04:40:00,1.0,60.0
2019-10-22 04:45:00,2019-10-22 11:35:00,6.833333333333333,410.0
2019-10-22 11:45:00,2019-10-22 12:20:00,0.5833333333333334,35.0
2019-10-22 12:25:00,2019-10-22 13:35:00,1.1666666666666667,70.0
2019-10-22 13:40:00,2019-10-23 01:15:00,11.583333333333334,695.0
2019-10-23 01:20:00,2019-10-23 10:45:00,9.416666666666666,565.0
2019-10-23 10:50:00,2019-10-24 06:55:00,20.083333333333332,1205.0
2019-10-24 07:40:00,2019-10-24 09:10:00,1.5,90.0
2019-12-02 22:40:00,2019-12-05 14:15:00,63.583333333333336,3815.0
2019-12-05 14:20:00,2019-12-06 18:40:00,28.333333333333332,1700.0
2019-12-06 18:45:00,2019-12-07 12:05:00,17.333333333333332,1040.0
2019-12-07 12:20:00,2019-12-11 22:25:00,106.08333333333333,6365.0
2019-12-11 22:35:00,2019-12-13 09:30:00,34.916666666666664,2095.0
2019-12-13 09:35:00,2019-12-14 03:00:00,17.416666666666668,1045.0
2019-12-14 03:05:00,2019-12-20 11:35:00,152.5,9150.0
2019-12-20 11:40:00,2019-12-20 12:15:00,0.5833333333333334,35.0
2019-12-20 12:20:00,2019-12-23 17:15:00,76.91666666666667,4615.0
2019-12-23 18:25:00,2019-12-23 20:35:00,2.1666666666666665,130.0
2020-03-26 02:50:00,2020-03-26 15:40:00,12.833333333333334,770.0
2020-03-26 15:45:00,2020-03-26 17:20:00,1.5833333333333333,95.0
2020-03-26 17:25:00,2020-03-26 18:35:00,1.1666666666666667,70.0
2020-03-26 18:40:00,2020-03-28 12:50:00,42.166666666666664,2530.0
2020-03-28 12:55:00,2020-03-29 13:50:00,24.916666666666668,1495.0
2020-03-29 14:15:00,2020-03-29 20:55:00,6.666666666666667,400.0
2020-03-29 21:00:00,2020-03-29 22:25:00,1.4166666666666667,85.0
2020-03-29 22:30:00,2020-03-30 03:45:00,5.25,315.0
2020-03-30 04:20:00,2020-03-30 14:40:00,10.333333333333334,620.0
2020-03-30 14:45:00,2020-03-31 00:45:00,10.0,600.0
2020-03-31 00:50:00,2020-03-31 02:40:00,1.8333333333333333,110.0
2020-03-31 02:45:00,2020-03-31 04:55:00,2.1666666666666665,130.0
2020-03-31 05:00:00,2020-03-31 05:45:00,0.75,45.0
2020-03-31 05:55:00,2020-03-31 14:10:00,8.25,495.0
2020-03-31 14:15:00,2020-03-31 17:00:00,2.75,165.0
2020-03-31 17:05:00,2020-03-31 17:40:00,0.5833333333333334,35.0
2020-03-31 17:55:00,2020-04-01 04:05:00,10.166666666666666,610.0
2020-04-01 04:10:00,2020-04-01 06:10:00,2.0,120.0
2020-04-01 06:15:00,2020-04-02 04:35:00,22.333333333333332,1340.0
2020-04-02 05:10:00,2020-04-02 05:50:00,0.6666666666666666,40.0
2020-04-02 05:55:00,2020-04-02 06:35:00,0.6666666666666666,40.0
2020-04-02 08:35:00,2020-04-02 09:45:00,1.1666666666666667,70.0
2020-04-02 10:05:00,2020-04-02 11:30:00,1.4166666666666667,85.0
2020-04-02 11:35:00,2020-04-02 12:35:00,1.0,60.0
2020-04-02 12:40:00,2020-04-03 05:10:00,16.5,990.0
2020-04-03 05:45:00,2020-04-03 06:20:00,0.5833333333333334,35.0
2020-04-03 06:25:00,2020-04-03 07:00:00,0.5833333333333334,35.0
2020-04-03 07:05:00,2020-04-03 07:45:00,0.6666666666666666,40.0
2020-04-03 07:50:00,2020-04-03 12:10:00,4.333333333333333,260.0
2020-04-03 12:15:00,2020-04-03 13:30:00,1.25,75.0
2020-04-03 13:35:00,2020-04-03 14:10:00,0.5833333333333334,35.0
2020-04-03 14:15:00,2020-04-03 14:55:00,0.6666666666666666,40.0
2020-04-03 15:00:00,2020-04-04 23:40:00,32.666666666666664,1960.0
2020-04-04 23:55:00,2020-04-05 06:45:00,6.833333333333333,410.0
2020-04-05 06:50:00,2020-04-05 09:25:00,2.5833333333333335,155.0
2020-04-05 09:55:00,2020-04-05 12:05:00,2.1666666666666665,130.0
2020-04-05 12:10:00,2020-04-05 13:25:00,1.25,75.0
2020-04-05 13:30:00,2020-04-05 15:35:00,2.0833333333333335,125.0
2020-04-05 15:40:00,2020-04-06 11:35:00,19.916666666666668,1195.0
2020-04-06 12:10:00,2020-04-06 15:00:00,2.8333333333333335,170.0
2020-04-06 15:30:00,2020-04-06 16:05:00,0.5833333333333334,35.0
2020-04-06 16:10:00,2020-04-06 17:05:00,0.9166666666666666,55.0
2020-04-06 17:20:00,2020-04-06 19:40:00,2.3333333333333335,140.0
2020-04-06 20:00:00,2020-04-06 20:55:00,0.9166666666666666,55.0
2020-04-06 21:15:00,2020-04-06 22:35:00,1.3333333333333333,80.0
2020-04-06 22:40:00,2020-04-07 00:30:00,1.8333333333333333,110.0
2020-04-07 00:40:00,2020-04-07 01:25:00,0.75,45.0
2020-04-07 01:30:00,2020-04-07 14:20:00,12.833333333333334,770.0
2020-04-07 14:25:00,2020-04-07 15:50:00,1.4166666666666667,85.0
2020-04-07 16:25:00,2020-04-07 17:50:00,1.4166666666666667,85.0
2020-04-07 17:55:00,2020-04-07 21:50:00,3.9166666666666665,235.0
2020-04-07 22:25:00,2020-04-08 10:45:00,12.333333333333334,740.0
2020-04-08 10:50:00,2020-04-08 14:00:00,3.1666666666666665,190.0
2020-04-08 14:15:00,2020-04-08 16:25:00,2.1666666666666665,130.0
2020-04-08 17:00:00,2020-04-08 17:55:00,0.9166666666666666,55.0
2020-04-08 18:05:00,2020-04-09 13:00:00,18.916666666666668,1135.0
2020-04-09 13:05:00,2020-04-09 13:35:00,0.5,30.0
2020-04-09 15:15:00,2020-04-10 03:00:00,11.75,705.0
2020-04-10 03:30:00,2020-04-10 11:40:00,8.166666666666666,490.0
2020-04-10 11:45:00,2020-04-10 15:30:00,3.75,225.0
2020-04-10 15:35:00,2020-04-10 16:40:00,1.0833333333333333,65.0
2020-04-10 16:45:00,2020-04-10 19:35:00,2.8333333333333335,170.0
2020-04-10 19:40:00,2020-04-10 20:20:00,0.6666666666666666,40.0
2020-04-10 20:25:00,2020-04-11 02:20:00,5.916666666666667,355.0
2020-04-11 02:30:00,2020-04-11 13:35:00,11.083333333333334,665.0
2020-04-11 13:40:00,2020-04-11 22:40:00,9.0,540.0
2020-04-11 22:45:00,2020-04-12 01:50:00,3.0833333333333335,185.0
2020-04-12 01:55:00,2020-04-12 15:30:00,13.583333333333334,815.0
2020-04-12 16:25:00,2020-04-12 17:25:00,1.0,60.0
2020-04-12 17:30:00,2020-04-12 18:00:00,0.5,30.0
2020-04-12 18:35:00,2020-04-12 23:20:00,4.75,285.0
2020-04-12 23:25:00,2020-04-13 05:20:00,5.916666666666667,355.0
2020-04-13 05:25:00,2020-04-13 14:15:00,8.833333333333334,530.0
2020-04-13 14:20:00,2020-04-13 15:00:00,0.6666666666666666,40.0
2020-04-13 15:35:00,2020-04-13 18:10:00,2.5833333333333335,155.0
2020-04-13 18:15:00,2020-04-14 10:30:00,16.25,975.0
2020-04-14 10:40:00,2020-04-14 13:10:00,2.5,150.0
2020-04-14 13:15:00,2020-04-16 16:10:00,50.916666666666664,3055.0
2020-04-16 16:15:00,2020-04-16 20:45:00,4.5,270.0
2020-04-16 20:50:00,2020-04-17 12:55:00,16.083333333333332,965.0
2020-04-17 13:10:00,2020-04-17 14:55:00,1.75,105.0
2020-04-17 15:00:00,2020-04-17 16:15:00,1.25,75.0
2020-04-17 16:40:00,2020-04-17 17:15:00,0.5833333333333334,35.0
2020-04-17 17:20:00,2020-04-17 22:20:00,5.0,300.0
2020-04-17 22:25:00,2020-04-18 15:55:00,17.5,1050.0
2020-04-18 16:00:00,2020-04-19 11:25:00,19.416666666666668,1165.0
2020-04-19 11:40:00,2020-04-19 14:35:00,2.9166666666666665,175.0
2020-04-19 14:40:00,2020-04-19 17:40:00,3.0,180.0
2020-04-19 17:45:00,2020-04-23 17:35:00,95.83333333333333,5750.0
2020-04-23 17:40:00,2020-04-23 18:15:00,0.5833333333333334,35.0
2020-04-23 18:20:00,2020-04-23 21:15:00,2.9166666666666665,175.0
2020-04-23 21:20:00,2020-04-24 00:10:00,2.8333333333333335,170.0
2020-04-24 00:15:00,2020-04-24 11:40:00,11.416666666666666,685.0
2020-04-24 11:45:00,2020-04-24 13:25:00,1.6666666666666667,100.0
2020-04-24 13:50:00,2020-04-24 15:45:00,1.9166666666666667,115.0
2020-04-24 15:50:00,2020-04-25 23:35:00,31.75,1905.0
2020-04-26 00:00:00,2020-04-26 06:10:00,6.166666666666667,370.0
2020-04-26 06:15:00,2020-04-26 08:10:00,1.9166666666666667,115.0
2020-04-26 08:15:00,2020-04-26 15:55:00,7.666666666666667,460.0
2020-04-26 16:00:00,2020-04-27 02:05:00,10.083333333333334,605.0
2020-04-27 02:10:00,2020-04-28 11:00:00,32.833333333333336,1970.0
2020-04-28 11:20:00,2020-04-28 13:35:00,2.25,135.0
2020-04-28 13:40:00,2020-04-29 00:20:00,10.666666666666666,640.0
2020-04-29 00:25:00,2020-04-29 03:05:00,2.6666666666666665,160.0
2020-04-29 03:10:00,2020-04-29 04:45:00,1.5833333333333333,95.0
2020-04-29 04:50:00,2020-04-29 07:10:00,2.3333333333333335,140.0
2020-04-29 07:15:00,2020-04-29 13:20:00,6.083333333333333,365.0
2020-04-29 13:25:00,2020-04-29 16:00:00,2.5833333333333335,155.0
2020-04-29 16:35:00,2020-04-30 07:10:00,14.583333333333334,875.0
2020-04-30 07:20:00,2020-04-30 08:25:00,1.0833333333333333,65.0
2020-04-30 08:55:00,2020-04-30 12:05:00,3.1666666666666665,190.0
